"from_id","to_id","relation_type","relation_description","source_id","last_verified"
"CL-SUB-SEG","CL-MIN-SEG","depends_on","Subsecretaría de Seguridad Pública integra la estructura del ministerio indicado.","SRC-GOB-MIN","2026-09-19"
"CL-SUB-SPD","CL-MIN-SEG","depends_on","Subsecretaría de Prevención del Delito integra la estructura del ministerio indicado.","SRC-GOB-MIN","2026-09-19"
"CL-SUB-HAC","CL-MIN-HAC","depends_on","Subsecretaría de Hacienda integra la estructura del ministerio indicado.","SRC-GOB-MIN","2026-09-19"
"CL-SUB-DEF","CL-MIN-DEF","depends_on","Subsecretaría de Defensa integra la estructura del ministerio indicado.","SRC-GOB-MIN","2026-09-19"
"CL-SUB-FFAA","CL-MIN-DEF","depends_on","Subsecretaría para las Fuerzas Armadas integra la estructura del ministerio indicado.","SRC-GOB-MIN","2026-09-19"
"CL-SUB-TRANS","CL-MIN-MTT","depends_on","Subsecretaría de Transportes integra la estructura del ministerio indicado.","SRC-GOB-MIN","2026-09-19"
"CL-SUB-SUBTEL","CL-MIN-MTT","depends_on","Subsecretaría de Telecomunicaciones integra la estructura del ministerio indicado.","SRC-GOB-MIN","2026-09-19"
"CL-SUB-INT","CL-MIN-INT","depends_on","Subsecretaría del Interior integra la estructura del ministerio indicado.","SRC-GOB-MIN","2026-09-19"
"CL-SUB-SUBDERE","CL-MIN-INT","depends_on","Subsecretaría de Desarrollo Regional y Administrativo integra la estructura del ministerio indicado.","SRC-GOB-MIN","2026-09-19"
"CL-SUB-SALPUB","CL-MIN-SAL","depends_on","Subsecretaría de Salud Pública integra la estructura del ministerio indicado.","SRC-GOB-MIN","2026-09-19"
"CL-SUB-REDES","CL-MIN-SAL","depends_on","Subsecretaría de Redes Asistenciales integra la estructura del ministerio indicado.","SRC-GOB-MIN","2026-09-19"
"CL-SUB-AGR","CL-MIN-AGR","depends_on","Subsecretaría de Agricultura integra la estructura del ministerio indicado.","SRC-GOB-MIN","2026-09-19"
"CL-SUB-DEP","CL-MIN-DEP","depends_on","Subsecretaría del Deporte integra la estructura del ministerio indicado.","SRC-GOB-MIN","2026-09-19"
"CL-SUB-SEGEGOB","CL-MIN-SEGEGOB","depends_on","Subsecretaría General de Gobierno integra la estructura del ministerio indicado.","SRC-GOB-MIN","2026-09-19"
"CL-SUB-MOP","CL-MIN-MOP","depends_on","Subsecretaría de Obras Públicas integra la estructura del ministerio indicado.","SRC-GOB-MIN","2026-09-19"
"CL-SUB-MMEG","CL-MIN-MMEG","depends_on","Subsecretaría de la Mujer y la Equidad de Género integra la estructura del ministerio indicado.","SRC-GOB-MIN","2026-09-19"
"CL-SUB-CTCI","CL-MIN-CTCI","depends_on","Subsecretaría de Ciencia, Tecnología, Conocimiento e Innovación integra la estructura del ministerio indicado.","SRC-GOB-MIN","2026-09-19"
"CL-SUB-MINVU","CL-MIN-MINVU","depends_on","Subsecretaría de Vivienda y Urbanismo integra la estructura del ministerio indicado.","SRC-GOB-MIN","2026-09-19"
"CL-SUB-TRAB","CL-MIN-MINTRAB","depends_on","Subsecretaría del Trabajo integra la estructura del ministerio indicado.","SRC-GOB-MIN","2026-09-19"
"CL-SUB-PREV","CL-MIN-MINTRAB","depends_on","Subsecretaría de Previsión Social integra la estructura del ministerio indicado.","SRC-GOB-MIN","2026-09-19"
"CL-SUB-MMA","CL-MIN-MMA","depends_on","Subsecretaría del Medio Ambiente integra la estructura del ministerio indicado.","SRC-GOB-MIN","2026-09-19"
"CL-SUB-ENER","CL-MIN-ENER","depends_on","Subsecretaría de Energía integra la estructura del ministerio indicado.","SRC-GOB-MIN","2026-09-19"
"CL-SUB-SERSOC","CL-MIN-MDSF","depends_on","Subsecretaría de Servicios Sociales integra la estructura del ministerio indicado.","SRC-GOB-MIN","2026-09-19"
"CL-SUB-EVSOC","CL-MIN-MDSF","depends_on","Subsecretaría de Evaluación Social integra la estructura del ministerio indicado.","SRC-GOB-MIN","2026-09-19"
"CL-SUB-NINEZ","CL-MIN-MDSF","depends_on","Subsecretaría de la Niñez integra la estructura del ministerio indicado.","SRC-GOB-MIN","2026-09-19"
"CL-SUB-SEGPRES","CL-MIN-SEGPRES","depends_on","Subsecretaría General de la Presidencia integra la estructura del ministerio indicado.","SRC-GOB-MIN","2026-09-19"
"CL-SUB-JUST","CL-MIN-JUST","depends_on","Subsecretaría de Justicia integra la estructura del ministerio indicado.","SRC-GOB-MIN","2026-09-19"
"CL-SUB-DDHH","CL-MIN-JUST","depends_on","Subsecretaría de Derechos Humanos integra la estructura del ministerio indicado.","SRC-GOB-MIN","2026-09-19"
"CL-SUB-RREE","CL-MIN-RREE","depends_on","Subsecretaría de Relaciones Exteriores integra la estructura del ministerio indicado.","SRC-GOB-MIN","2026-09-19"
"CL-SUB-SUBREI","CL-MIN-RREE","depends_on","Subsecretaría de Relaciones Económicas Internacionales integra la estructura del ministerio indicado.","SRC-GOB-MIN","2026-09-19"
"CL-SUB-CULT","CL-MIN-CULT","depends_on","Subsecretaría de las Culturas y las Artes integra la estructura del ministerio indicado.","SRC-GOB-MIN","2026-09-19"
"CL-SUB-PATR","CL-MIN-CULT","depends_on","Subsecretaría del Patrimonio Cultural integra la estructura del ministerio indicado.","SRC-GOB-MIN","2026-09-19"
"CL-SUB-BBNN","CL-MIN-BBNN","depends_on","Subsecretaría de Bienes Nacionales integra la estructura del ministerio indicado.","SRC-GOB-MIN","2026-09-19"
"CL-SUB-ECO","CL-MIN-ECO","depends_on","Subsecretaría de Economía y Empresas de Menor Tamaño integra la estructura del ministerio indicado.","SRC-GOB-MIN","2026-09-19"
"CL-SUB-PESCA","CL-MIN-ECO","depends_on","Subsecretaría de Pesca y Acuicultura integra la estructura del ministerio indicado.","SRC-GOB-MIN","2026-09-19"
"CL-SUB-TUR","CL-MIN-ECO","depends_on","Subsecretaría de Turismo integra la estructura del ministerio indicado.","SRC-GOB-MIN","2026-09-19"
"CL-SUB-EDU","CL-MIN-EDU","depends_on","Subsecretaría de Educación integra la estructura del ministerio indicado.","SRC-GOB-MIN","2026-09-19"
"CL-SUB-PARV","CL-MIN-EDU","depends_on","Subsecretaría de Educación Parvularia integra la estructura del ministerio indicado.","SRC-GOB-MIN","2026-09-19"
"CL-SUB-EDUSUP","CL-MIN-EDU","depends_on","Subsecretaría de Educación Superior integra la estructura del ministerio indicado.","SRC-GOB-MIN","2026-09-19"
"CL-SUB-MINERIA","CL-MIN-MINERIA","depends_on","Subsecretaría de Minería integra la estructura del ministerio indicado.","SRC-GOB-MIN","2026-09-19"
"CL-DPR-15","CL-MIN-INT","executive_territorial_link","Delegación territorial del Poder Ejecutivo.","SRC-INTERIOR","2026-09-19"
"CL-DPR-01","CL-MIN-INT","executive_territorial_link","Delegación territorial del Poder Ejecutivo.","SRC-INTERIOR","2026-09-19"
"CL-DPR-02","CL-MIN-INT","executive_territorial_link","Delegación territorial del Poder Ejecutivo.","SRC-INTERIOR","2026-09-19"
"CL-DPR-03","CL-MIN-INT","executive_territorial_link","Delegación territorial del Poder Ejecutivo.","SRC-INTERIOR","2026-09-19"
"CL-DPR-04","CL-MIN-INT","executive_territorial_link","Delegación territorial del Poder Ejecutivo.","SRC-INTERIOR","2026-09-19"
"CL-DPR-05","CL-MIN-INT","executive_territorial_link","Delegación territorial del Poder Ejecutivo.","SRC-INTERIOR","2026-09-19"
"CL-DPR-06","CL-MIN-INT","executive_territorial_link","Delegación territorial del Poder Ejecutivo.","SRC-INTERIOR","2026-09-19"
"CL-DPR-07","CL-MIN-INT","executive_territorial_link","Delegación territorial del Poder Ejecutivo.","SRC-INTERIOR","2026-09-19"
"CL-DPR-16","CL-MIN-INT","executive_territorial_link","Delegación territorial del Poder Ejecutivo.","SRC-INTERIOR","2026-09-19"
"CL-DPR-08","CL-MIN-INT","executive_territorial_link","Delegación territorial del Poder Ejecutivo.","SRC-INTERIOR","2026-09-19"
"CL-DPR-09","CL-MIN-INT","executive_territorial_link","Delegación territorial del Poder Ejecutivo.","SRC-INTERIOR","2026-09-19"
"CL-DPR-14","CL-MIN-INT","executive_territorial_link","Delegación territorial del Poder Ejecutivo.","SRC-INTERIOR","2026-09-19"
"CL-DPR-10","CL-MIN-INT","executive_territorial_link","Delegación territorial del Poder Ejecutivo.","SRC-INTERIOR","2026-09-19"
"CL-DPR-11","CL-MIN-INT","executive_territorial_link","Delegación territorial del Poder Ejecutivo.","SRC-INTERIOR","2026-09-19"
"CL-DPR-12","CL-MIN-INT","executive_territorial_link","Delegación territorial del Poder Ejecutivo.","SRC-INTERIOR","2026-09-19"
"CL-DPR-13","CL-MIN-INT","executive_territorial_link","Delegación territorial del Poder Ejecutivo.","SRC-INTERIOR","2026-09-19"
"CL-DPP-152","CL-MIN-INT","executive_territorial_link","Delegación Presidencial Provincial de Parinacota.","SRC-INTERIOR","2026-09-19"
"CL-DPP-014","CL-MIN-INT","executive_territorial_link","Delegación Presidencial Provincial de Tamarugal.","SRC-INTERIOR","2026-09-19"
"CL-DPP-022","CL-MIN-INT","executive_territorial_link","Delegación Presidencial Provincial de El Loa.","SRC-INTERIOR","2026-09-19"
"CL-DPP-023","CL-MIN-INT","executive_territorial_link","Delegación Presidencial Provincial de Tocopilla.","SRC-INTERIOR","2026-09-19"
"CL-DPP-032","CL-MIN-INT","executive_territorial_link","Delegación Presidencial Provincial de Chañaral.","SRC-INTERIOR","2026-09-19"
"CL-DPP-033","CL-MIN-INT","executive_territorial_link","Delegación Presidencial Provincial de Huasco.","SRC-INTERIOR","2026-09-19"
"CL-DPP-042","CL-MIN-INT","executive_territorial_link","Delegación Presidencial Provincial de Choapa.","SRC-INTERIOR","2026-09-19"
"CL-DPP-043","CL-MIN-INT","executive_territorial_link","Delegación Presidencial Provincial de Limarí.","SRC-INTERIOR","2026-09-19"
"CL-DPP-052","CL-MIN-INT","executive_territorial_link","Delegación Presidencial Provincial de Isla de Pascua.","SRC-INTERIOR","2026-09-19"
"CL-DPP-053","CL-MIN-INT","executive_territorial_link","Delegación Presidencial Provincial de Los Andes.","SRC-INTERIOR","2026-09-19"
"CL-DPP-054","CL-MIN-INT","executive_territorial_link","Delegación Presidencial Provincial de Petorca.","SRC-INTERIOR","2026-09-19"
"CL-DPP-055","CL-MIN-INT","executive_territorial_link","Delegación Presidencial Provincial de Quillota.","SRC-INTERIOR","2026-09-19"
"CL-DPP-056","CL-MIN-INT","executive_territorial_link","Delegación Presidencial Provincial de San Antonio.","SRC-INTERIOR","2026-09-19"
"CL-DPP-057","CL-MIN-INT","executive_territorial_link","Delegación Presidencial Provincial de San Felipe de Aconcagua.","SRC-INTERIOR","2026-09-19"
"CL-DPP-058","CL-MIN-INT","executive_territorial_link","Delegación Presidencial Provincial de Marga Marga.","SRC-INTERIOR","2026-09-19"
"CL-DPP-132","CL-MIN-INT","executive_territorial_link","Delegación Presidencial Provincial de Cordillera.","SRC-INTERIOR","2026-09-19"
"CL-DPP-133","CL-MIN-INT","executive_territorial_link","Delegación Presidencial Provincial de Chacabuco.","SRC-INTERIOR","2026-09-19"
"CL-DPP-134","CL-MIN-INT","executive_territorial_link","Delegación Presidencial Provincial de Maipo.","SRC-INTERIOR","2026-09-19"
"CL-DPP-135","CL-MIN-INT","executive_territorial_link","Delegación Presidencial Provincial de Melipilla.","SRC-INTERIOR","2026-09-19"
"CL-DPP-136","CL-MIN-INT","executive_territorial_link","Delegación Presidencial Provincial de Talagante.","SRC-INTERIOR","2026-09-19"
"CL-DPP-062","CL-MIN-INT","executive_territorial_link","Delegación Presidencial Provincial de Cardenal Caro.","SRC-INTERIOR","2026-09-19"
"CL-DPP-063","CL-MIN-INT","executive_territorial_link","Delegación Presidencial Provincial de Colchagua.","SRC-INTERIOR","2026-09-19"
"CL-DPP-072","CL-MIN-INT","executive_territorial_link","Delegación Presidencial Provincial de Cauquenes.","SRC-INTERIOR","2026-09-19"
"CL-DPP-073","CL-MIN-INT","executive_territorial_link","Delegación Presidencial Provincial de Curicó.","SRC-INTERIOR","2026-09-19"
"CL-DPP-074","CL-MIN-INT","executive_territorial_link","Delegación Presidencial Provincial de Linares.","SRC-INTERIOR","2026-09-19"
"CL-DPP-162","CL-MIN-INT","executive_territorial_link","Delegación Presidencial Provincial de Itata.","SRC-INTERIOR","2026-09-19"
"CL-DPP-163","CL-MIN-INT","executive_territorial_link","Delegación Presidencial Provincial de Punilla.","SRC-INTERIOR","2026-09-19"
"CL-DPP-082","CL-MIN-INT","executive_territorial_link","Delegación Presidencial Provincial de Arauco.","SRC-INTERIOR","2026-09-19"
"CL-DPP-083","CL-MIN-INT","executive_territorial_link","Delegación Presidencial Provincial de Biobío.","SRC-INTERIOR","2026-09-19"
"CL-DPP-092","CL-MIN-INT","executive_territorial_link","Delegación Presidencial Provincial de Malleco.","SRC-INTERIOR","2026-09-19"
"CL-DPP-142","CL-MIN-INT","executive_territorial_link","Delegación Presidencial Provincial de Ranco.","SRC-INTERIOR","2026-09-19"
"CL-DPP-102","CL-MIN-INT","executive_territorial_link","Delegación Presidencial Provincial de Chiloé.","SRC-INTERIOR","2026-09-19"
"CL-DPP-103","CL-MIN-INT","executive_territorial_link","Delegación Presidencial Provincial de Osorno.","SRC-INTERIOR","2026-09-19"
"CL-DPP-104","CL-MIN-INT","executive_territorial_link","Delegación Presidencial Provincial de Palena.","SRC-INTERIOR","2026-09-19"
"CL-DPP-112","CL-MIN-INT","executive_territorial_link","Delegación Presidencial Provincial de Aysén.","SRC-INTERIOR","2026-09-19"
"CL-DPP-113","CL-MIN-INT","executive_territorial_link","Delegación Presidencial Provincial de Capitán Prat.","SRC-INTERIOR","2026-09-19"
"CL-DPP-114","CL-MIN-INT","executive_territorial_link","Delegación Presidencial Provincial de General Carrera.","SRC-INTERIOR","2026-09-19"
"CL-DPP-122","CL-MIN-INT","executive_territorial_link","Delegación Presidencial Provincial de Antártica Chilena.","SRC-INTERIOR","2026-09-19"
"CL-DPP-123","CL-MIN-INT","executive_territorial_link","Delegación Presidencial Provincial de Tierra del Fuego.","SRC-INTERIOR","2026-09-19"
"CL-DPP-124","CL-MIN-INT","executive_territorial_link","Delegación Presidencial Provincial de Última Esperanza.","SRC-INTERIOR","2026-09-19"
"CL-SUP-ANCI","CL-MIN-SEG","sectoral_relation","Relación sectorial verificada a nivel de cartera.","SRC-SUPPLEMENT","2026-09-19"
"CL-SUP-SERMIG","CL-MIN-INT","sectoral_relation","Relación sectorial verificada a nivel de cartera.","SRC-SUPPLEMENT","2026-09-19"
"CL-SUP-SBAP","CL-MIN-MMA","sectoral_relation","Relación sectorial verificada a nivel de cartera.","SRC-SUPPLEMENT","2026-09-19"
"CL-SUP-CMF","CL-MIN-HAC","sectoral_relation","Relación sectorial verificada a nivel de cartera.","SRC-SUPPLEMENT","2026-09-19"
