"institution_id","commune_code","municipality_name","region_code","region_name","source_url","last_verified","note"
"CL-MUN-01101","01101","Municipalidad de Iquique","01","Región de Tarapacá","https://datos.sinim.gov.cl/","2026-09-19","Antártica (12202) no tiene municipalidad propia; su agrupación es administrada por Cabo de Hornos."
"CL-MUN-01107","01107","Municipalidad de Alto Hospicio","01","Región de Tarapacá","https://datos.sinim.gov.cl/","2026-09-19","Antártica (12202) no tiene municipalidad propia; su agrupación es administrada por Cabo de Hornos."
"CL-MUN-01401","01401","Municipalidad de Pozo Almonte","01","Región de Tarapacá","https://datos.sinim.gov.cl/","2026-09-19","Antártica (12202) no tiene municipalidad propia; su agrupación es administrada por Cabo de Hornos."
"CL-MUN-01402","01402","Municipalidad de Camiña","01","Región de Tarapacá","https://datos.sinim.gov.cl/","2026-09-19","Antártica (12202) no tiene municipalidad propia; su agrupación es administrada por Cabo de Hornos."
"CL-MUN-01403","01403","Municipalidad de Colchane","01","Región de Tarapacá","https://datos.sinim.gov.cl/","2026-09-19","Antártica (12202) no tiene municipalidad propia; su agrupación es administrada por Cabo de Hornos."
"CL-MUN-01404","01404","Municipalidad de Huara","01","Región de Tarapacá","https://datos.sinim.gov.cl/","2026-09-19","Antártica (12202) no tiene municipalidad propia; su agrupación es administrada por Cabo de Hornos."
"CL-MUN-01405","01405","Municipalidad de Pica","01","Región de Tarapacá","https://datos.sinim.gov.cl/","2026-09-19","Antártica (12202) no tiene municipalidad propia; su agrupación es administrada por Cabo de Hornos."
"CL-MUN-02101","02101","Municipalidad de Antofagasta","02","Región de Antofagasta","https://datos.sinim.gov.cl/","2026-09-19","Antártica (12202) no tiene municipalidad propia; su agrupación es administrada por Cabo de Hornos."
"CL-MUN-02102","02102","Municipalidad de Mejillones","02","Región de Antofagasta","https://datos.sinim.gov.cl/","2026-09-19","Antártica (12202) no tiene municipalidad propia; su agrupación es administrada por Cabo de Hornos."
"CL-MUN-02103","02103","Municipalidad de Sierra Gorda","02","Región de Antofagasta","https://datos.sinim.gov.cl/","2026-09-19","Antártica (12202) no tiene municipalidad propia; su agrupación es administrada por Cabo de Hornos."
"CL-MUN-02104","02104","Municipalidad de Taltal","02","Región de Antofagasta","https://datos.sinim.gov.cl/","2026-09-19","Antártica (12202) no tiene municipalidad propia; su agrupación es administrada por Cabo de Hornos."
"CL-MUN-02201","02201","Municipalidad de Calama","02","Región de Antofagasta","https://datos.sinim.gov.cl/","2026-09-19","Antártica (12202) no tiene municipalidad propia; su agrupación es administrada por Cabo de Hornos."
"CL-MUN-02202","02202","Municipalidad de Ollagüe","02","Región de Antofagasta","https://datos.sinim.gov.cl/","2026-09-19","Antártica (12202) no tiene municipalidad propia; su agrupación es administrada por Cabo de Hornos."
"CL-MUN-02203","02203","Municipalidad de San Pedro de Atacama","02","Región de Antofagasta","https://datos.sinim.gov.cl/","2026-09-19","Antártica (12202) no tiene municipalidad propia; su agrupación es administrada por Cabo de Hornos."
"CL-MUN-02301","02301","Municipalidad de Tocopilla","02","Región de Antofagasta","https://datos.sinim.gov.cl/","2026-09-19","Antártica (12202) no tiene municipalidad propia; su agrupación es administrada por Cabo de Hornos."
"CL-MUN-02302","02302","Municipalidad de María Elena","02","Región de Antofagasta","https://datos.sinim.gov.cl/","2026-09-19","Antártica (12202) no tiene municipalidad propia; su agrupación es administrada por Cabo de Hornos."
"CL-MUN-03101","03101","Municipalidad de Copiapó","03","Región de Atacama","https://datos.sinim.gov.cl/","2026-09-19","Antártica (12202) no tiene municipalidad propia; su agrupación es administrada por Cabo de Hornos."
"CL-MUN-03102","03102","Municipalidad de Caldera","03","Región de Atacama","https://datos.sinim.gov.cl/","2026-09-19","Antártica (12202) no tiene municipalidad propia; su agrupación es administrada por Cabo de Hornos."
"CL-MUN-03103","03103","Municipalidad de Tierra Amarilla","03","Región de Atacama","https://datos.sinim.gov.cl/","2026-09-19","Antártica (12202) no tiene municipalidad propia; su agrupación es administrada por Cabo de Hornos."
"CL-MUN-03201","03201","Municipalidad de Chañaral","03","Región de Atacama","https://datos.sinim.gov.cl/","2026-09-19","Antártica (12202) no tiene municipalidad propia; su agrupación es administrada por Cabo de Hornos."
"CL-MUN-03202","03202","Municipalidad de Diego de Almagro","03","Región de Atacama","https://datos.sinim.gov.cl/","2026-09-19","Antártica (12202) no tiene municipalidad propia; su agrupación es administrada por Cabo de Hornos."
"CL-MUN-03301","03301","Municipalidad de Vallenar","03","Región de Atacama","https://datos.sinim.gov.cl/","2026-09-19","Antártica (12202) no tiene municipalidad propia; su agrupación es administrada por Cabo de Hornos."
"CL-MUN-03302","03302","Municipalidad de Alto del Carmen","03","Región de Atacama","https://datos.sinim.gov.cl/","2026-09-19","Antártica (12202) no tiene municipalidad propia; su agrupación es administrada por Cabo de Hornos."
"CL-MUN-03303","03303","Municipalidad de Freirina","03","Región de Atacama","https://datos.sinim.gov.cl/","2026-09-19","Antártica (12202) no tiene municipalidad propia; su agrupación es administrada por Cabo de Hornos."
"CL-MUN-03304","03304","Municipalidad de Huasco","03","Región de Atacama","https://datos.sinim.gov.cl/","2026-09-19","Antártica (12202) no tiene municipalidad propia; su agrupación es administrada por Cabo de Hornos."
"CL-MUN-04101","04101","Municipalidad de La Serena","04","Región de Coquimbo","https://datos.sinim.gov.cl/","2026-09-19","Antártica (12202) no tiene municipalidad propia; su agrupación es administrada por Cabo de Hornos."
"CL-MUN-04102","04102","Municipalidad de Coquimbo","04","Región de Coquimbo","https://datos.sinim.gov.cl/","2026-09-19","Antártica (12202) no tiene municipalidad propia; su agrupación es administrada por Cabo de Hornos."
"CL-MUN-04103","04103","Municipalidad de Andacollo","04","Región de Coquimbo","https://datos.sinim.gov.cl/","2026-09-19","Antártica (12202) no tiene municipalidad propia; su agrupación es administrada por Cabo de Hornos."
"CL-MUN-04104","04104","Municipalidad de La Higuera","04","Región de Coquimbo","https://datos.sinim.gov.cl/","2026-09-19","Antártica (12202) no tiene municipalidad propia; su agrupación es administrada por Cabo de Hornos."
"CL-MUN-04105","04105","Municipalidad de Paihuano","04","Región de Coquimbo","https://datos.sinim.gov.cl/","2026-09-19","Antártica (12202) no tiene municipalidad propia; su agrupación es administrada por Cabo de Hornos."
"CL-MUN-04106","04106","Municipalidad de Vicuña","04","Región de Coquimbo","https://datos.sinim.gov.cl/","2026-09-19","Antártica (12202) no tiene municipalidad propia; su agrupación es administrada por Cabo de Hornos."
"CL-MUN-04201","04201","Municipalidad de Illapel","04","Región de Coquimbo","https://datos.sinim.gov.cl/","2026-09-19","Antártica (12202) no tiene municipalidad propia; su agrupación es administrada por Cabo de Hornos."
"CL-MUN-04202","04202","Municipalidad de Canela","04","Región de Coquimbo","https://datos.sinim.gov.cl/","2026-09-19","Antártica (12202) no tiene municipalidad propia; su agrupación es administrada por Cabo de Hornos."
"CL-MUN-04203","04203","Municipalidad de Los Vilos","04","Región de Coquimbo","https://datos.sinim.gov.cl/","2026-09-19","Antártica (12202) no tiene municipalidad propia; su agrupación es administrada por Cabo de Hornos."
"CL-MUN-04204","04204","Municipalidad de Salamanca","04","Región de Coquimbo","https://datos.sinim.gov.cl/","2026-09-19","Antártica (12202) no tiene municipalidad propia; su agrupación es administrada por Cabo de Hornos."
"CL-MUN-04301","04301","Municipalidad de Ovalle","04","Región de Coquimbo","https://datos.sinim.gov.cl/","2026-09-19","Antártica (12202) no tiene municipalidad propia; su agrupación es administrada por Cabo de Hornos."
"CL-MUN-04302","04302","Municipalidad de Combarbalá","04","Región de Coquimbo","https://datos.sinim.gov.cl/","2026-09-19","Antártica (12202) no tiene municipalidad propia; su agrupación es administrada por Cabo de Hornos."
"CL-MUN-04303","04303","Municipalidad de Monte Patria","04","Región de Coquimbo","https://datos.sinim.gov.cl/","2026-09-19","Antártica (12202) no tiene municipalidad propia; su agrupación es administrada por Cabo de Hornos."
"CL-MUN-04304","04304","Municipalidad de Punitaqui","04","Región de Coquimbo","https://datos.sinim.gov.cl/","2026-09-19","Antártica (12202) no tiene municipalidad propia; su agrupación es administrada por Cabo de Hornos."
"CL-MUN-04305","04305","Municipalidad de Río Hurtado","04","Región de Coquimbo","https://datos.sinim.gov.cl/","2026-09-19","Antártica (12202) no tiene municipalidad propia; su agrupación es administrada por Cabo de Hornos."
"CL-MUN-05101","05101","Municipalidad de Valparaíso","05","Región de Valparaíso","https://datos.sinim.gov.cl/","2026-09-19","Antártica (12202) no tiene municipalidad propia; su agrupación es administrada por Cabo de Hornos."
"CL-MUN-05102","05102","Municipalidad de Casablanca","05","Región de Valparaíso","https://datos.sinim.gov.cl/","2026-09-19","Antártica (12202) no tiene municipalidad propia; su agrupación es administrada por Cabo de Hornos."
"CL-MUN-05103","05103","Municipalidad de Concón","05","Región de Valparaíso","https://datos.sinim.gov.cl/","2026-09-19","Antártica (12202) no tiene municipalidad propia; su agrupación es administrada por Cabo de Hornos."
"CL-MUN-05104","05104","Municipalidad de Juan Fernández","05","Región de Valparaíso","https://datos.sinim.gov.cl/","2026-09-19","Antártica (12202) no tiene municipalidad propia; su agrupación es administrada por Cabo de Hornos."
"CL-MUN-05105","05105","Municipalidad de Puchuncaví","05","Región de Valparaíso","https://datos.sinim.gov.cl/","2026-09-19","Antártica (12202) no tiene municipalidad propia; su agrupación es administrada por Cabo de Hornos."
"CL-MUN-05107","05107","Municipalidad de Quintero","05","Región de Valparaíso","https://datos.sinim.gov.cl/","2026-09-19","Antártica (12202) no tiene municipalidad propia; su agrupación es administrada por Cabo de Hornos."
"CL-MUN-05109","05109","Municipalidad de Viña del Mar","05","Región de Valparaíso","https://datos.sinim.gov.cl/","2026-09-19","Antártica (12202) no tiene municipalidad propia; su agrupación es administrada por Cabo de Hornos."
"CL-MUN-05201","05201","Municipalidad de Isla de Pascua","05","Región de Valparaíso","https://datos.sinim.gov.cl/","2026-09-19","Antártica (12202) no tiene municipalidad propia; su agrupación es administrada por Cabo de Hornos."
"CL-MUN-05301","05301","Municipalidad de Los Andes","05","Región de Valparaíso","https://datos.sinim.gov.cl/","2026-09-19","Antártica (12202) no tiene municipalidad propia; su agrupación es administrada por Cabo de Hornos."
"CL-MUN-05302","05302","Municipalidad de Calle Larga","05","Región de Valparaíso","https://datos.sinim.gov.cl/","2026-09-19","Antártica (12202) no tiene municipalidad propia; su agrupación es administrada por Cabo de Hornos."
"CL-MUN-05303","05303","Municipalidad de Rinconada","05","Región de Valparaíso","https://datos.sinim.gov.cl/","2026-09-19","Antártica (12202) no tiene municipalidad propia; su agrupación es administrada por Cabo de Hornos."
"CL-MUN-05304","05304","Municipalidad de San Esteban","05","Región de Valparaíso","https://datos.sinim.gov.cl/","2026-09-19","Antártica (12202) no tiene municipalidad propia; su agrupación es administrada por Cabo de Hornos."
"CL-MUN-05401","05401","Municipalidad de La Ligua","05","Región de Valparaíso","https://datos.sinim.gov.cl/","2026-09-19","Antártica (12202) no tiene municipalidad propia; su agrupación es administrada por Cabo de Hornos."
"CL-MUN-05402","05402","Municipalidad de Cabildo","05","Región de Valparaíso","https://datos.sinim.gov.cl/","2026-09-19","Antártica (12202) no tiene municipalidad propia; su agrupación es administrada por Cabo de Hornos."
"CL-MUN-05403","05403","Municipalidad de Papudo","05","Región de Valparaíso","https://datos.sinim.gov.cl/","2026-09-19","Antártica (12202) no tiene municipalidad propia; su agrupación es administrada por Cabo de Hornos."
"CL-MUN-05404","05404","Municipalidad de Petorca","05","Región de Valparaíso","https://datos.sinim.gov.cl/","2026-09-19","Antártica (12202) no tiene municipalidad propia; su agrupación es administrada por Cabo de Hornos."
"CL-MUN-05405","05405","Municipalidad de Zapallar","05","Región de Valparaíso","https://datos.sinim.gov.cl/","2026-09-19","Antártica (12202) no tiene municipalidad propia; su agrupación es administrada por Cabo de Hornos."
"CL-MUN-05501","05501","Municipalidad de Quillota","05","Región de Valparaíso","https://datos.sinim.gov.cl/","2026-09-19","Antártica (12202) no tiene municipalidad propia; su agrupación es administrada por Cabo de Hornos."
"CL-MUN-05502","05502","Municipalidad de Calera","05","Región de Valparaíso","https://datos.sinim.gov.cl/","2026-09-19","Antártica (12202) no tiene municipalidad propia; su agrupación es administrada por Cabo de Hornos."
"CL-MUN-05503","05503","Municipalidad de Hijuelas","05","Región de Valparaíso","https://datos.sinim.gov.cl/","2026-09-19","Antártica (12202) no tiene municipalidad propia; su agrupación es administrada por Cabo de Hornos."
"CL-MUN-05504","05504","Municipalidad de La Cruz","05","Región de Valparaíso","https://datos.sinim.gov.cl/","2026-09-19","Antártica (12202) no tiene municipalidad propia; su agrupación es administrada por Cabo de Hornos."
"CL-MUN-05506","05506","Municipalidad de Nogales","05","Región de Valparaíso","https://datos.sinim.gov.cl/","2026-09-19","Antártica (12202) no tiene municipalidad propia; su agrupación es administrada por Cabo de Hornos."
"CL-MUN-05601","05601","Municipalidad de San Antonio","05","Región de Valparaíso","https://datos.sinim.gov.cl/","2026-09-19","Antártica (12202) no tiene municipalidad propia; su agrupación es administrada por Cabo de Hornos."
"CL-MUN-05602","05602","Municipalidad de Algarrobo","05","Región de Valparaíso","https://datos.sinim.gov.cl/","2026-09-19","Antártica (12202) no tiene municipalidad propia; su agrupación es administrada por Cabo de Hornos."
"CL-MUN-05603","05603","Municipalidad de Cartagena","05","Región de Valparaíso","https://datos.sinim.gov.cl/","2026-09-19","Antártica (12202) no tiene municipalidad propia; su agrupación es administrada por Cabo de Hornos."
"CL-MUN-05604","05604","Municipalidad de El Quisco","05","Región de Valparaíso","https://datos.sinim.gov.cl/","2026-09-19","Antártica (12202) no tiene municipalidad propia; su agrupación es administrada por Cabo de Hornos."
"CL-MUN-05605","05605","Municipalidad de El Tabo","05","Región de Valparaíso","https://datos.sinim.gov.cl/","2026-09-19","Antártica (12202) no tiene municipalidad propia; su agrupación es administrada por Cabo de Hornos."
"CL-MUN-05606","05606","Municipalidad de Santo Domingo","05","Región de Valparaíso","https://datos.sinim.gov.cl/","2026-09-19","Antártica (12202) no tiene municipalidad propia; su agrupación es administrada por Cabo de Hornos."
"CL-MUN-05701","05701","Municipalidad de San Felipe","05","Región de Valparaíso","https://datos.sinim.gov.cl/","2026-09-19","Antártica (12202) no tiene municipalidad propia; su agrupación es administrada por Cabo de Hornos."
"CL-MUN-05702","05702","Municipalidad de Catemu","05","Región de Valparaíso","https://datos.sinim.gov.cl/","2026-09-19","Antártica (12202) no tiene municipalidad propia; su agrupación es administrada por Cabo de Hornos."
"CL-MUN-05703","05703","Municipalidad de Llaillay","05","Región de Valparaíso","https://datos.sinim.gov.cl/","2026-09-19","Antártica (12202) no tiene municipalidad propia; su agrupación es administrada por Cabo de Hornos."
"CL-MUN-05704","05704","Municipalidad de Panquehue","05","Región de Valparaíso","https://datos.sinim.gov.cl/","2026-09-19","Antártica (12202) no tiene municipalidad propia; su agrupación es administrada por Cabo de Hornos."
"CL-MUN-05705","05705","Municipalidad de Putaendo","05","Región de Valparaíso","https://datos.sinim.gov.cl/","2026-09-19","Antártica (12202) no tiene municipalidad propia; su agrupación es administrada por Cabo de Hornos."
"CL-MUN-05706","05706","Municipalidad de Santa María","05","Región de Valparaíso","https://datos.sinim.gov.cl/","2026-09-19","Antártica (12202) no tiene municipalidad propia; su agrupación es administrada por Cabo de Hornos."
"CL-MUN-05801","05801","Municipalidad de Quilpué","05","Región de Valparaíso","https://datos.sinim.gov.cl/","2026-09-19","Antártica (12202) no tiene municipalidad propia; su agrupación es administrada por Cabo de Hornos."
"CL-MUN-05802","05802","Municipalidad de Limache","05","Región de Valparaíso","https://datos.sinim.gov.cl/","2026-09-19","Antártica (12202) no tiene municipalidad propia; su agrupación es administrada por Cabo de Hornos."
"CL-MUN-05803","05803","Municipalidad de Olmué","05","Región de Valparaíso","https://datos.sinim.gov.cl/","2026-09-19","Antártica (12202) no tiene municipalidad propia; su agrupación es administrada por Cabo de Hornos."
"CL-MUN-05804","05804","Municipalidad de Villa Alemana","05","Región de Valparaíso","https://datos.sinim.gov.cl/","2026-09-19","Antártica (12202) no tiene municipalidad propia; su agrupación es administrada por Cabo de Hornos."
"CL-MUN-06101","06101","Municipalidad de Rancagua","06","Región del Libertador General Bernardo O'Higgins","https://datos.sinim.gov.cl/","2026-09-19","Antártica (12202) no tiene municipalidad propia; su agrupación es administrada por Cabo de Hornos."
"CL-MUN-06102","06102","Municipalidad de Codegua","06","Región del Libertador General Bernardo O'Higgins","https://datos.sinim.gov.cl/","2026-09-19","Antártica (12202) no tiene municipalidad propia; su agrupación es administrada por Cabo de Hornos."
"CL-MUN-06103","06103","Municipalidad de Coinco","06","Región del Libertador General Bernardo O'Higgins","https://datos.sinim.gov.cl/","2026-09-19","Antártica (12202) no tiene municipalidad propia; su agrupación es administrada por Cabo de Hornos."
"CL-MUN-06104","06104","Municipalidad de Coltauco","06","Región del Libertador General Bernardo O'Higgins","https://datos.sinim.gov.cl/","2026-09-19","Antártica (12202) no tiene municipalidad propia; su agrupación es administrada por Cabo de Hornos."
"CL-MUN-06105","06105","Municipalidad de Doñihue","06","Región del Libertador General Bernardo O'Higgins","https://datos.sinim.gov.cl/","2026-09-19","Antártica (12202) no tiene municipalidad propia; su agrupación es administrada por Cabo de Hornos."
"CL-MUN-06106","06106","Municipalidad de Graneros","06","Región del Libertador General Bernardo O'Higgins","https://datos.sinim.gov.cl/","2026-09-19","Antártica (12202) no tiene municipalidad propia; su agrupación es administrada por Cabo de Hornos."
"CL-MUN-06107","06107","Municipalidad de Las Cabras","06","Región del Libertador General Bernardo O'Higgins","https://datos.sinim.gov.cl/","2026-09-19","Antártica (12202) no tiene municipalidad propia; su agrupación es administrada por Cabo de Hornos."
"CL-MUN-06108","06108","Municipalidad de Machalí","06","Región del Libertador General Bernardo O'Higgins","https://datos.sinim.gov.cl/","2026-09-19","Antártica (12202) no tiene municipalidad propia; su agrupación es administrada por Cabo de Hornos."
"CL-MUN-06109","06109","Municipalidad de Malloa","06","Región del Libertador General Bernardo O'Higgins","https://datos.sinim.gov.cl/","2026-09-19","Antártica (12202) no tiene municipalidad propia; su agrupación es administrada por Cabo de Hornos."
"CL-MUN-06110","06110","Municipalidad de Mostazal","06","Región del Libertador General Bernardo O'Higgins","https://datos.sinim.gov.cl/","2026-09-19","Antártica (12202) no tiene municipalidad propia; su agrupación es administrada por Cabo de Hornos."
"CL-MUN-06111","06111","Municipalidad de Olivar","06","Región del Libertador General Bernardo O'Higgins","https://datos.sinim.gov.cl/","2026-09-19","Antártica (12202) no tiene municipalidad propia; su agrupación es administrada por Cabo de Hornos."
"CL-MUN-06112","06112","Municipalidad de Peumo","06","Región del Libertador General Bernardo O'Higgins","https://datos.sinim.gov.cl/","2026-09-19","Antártica (12202) no tiene municipalidad propia; su agrupación es administrada por Cabo de Hornos."
"CL-MUN-06113","06113","Municipalidad de Pichidegua","06","Región del Libertador General Bernardo O'Higgins","https://datos.sinim.gov.cl/","2026-09-19","Antártica (12202) no tiene municipalidad propia; su agrupación es administrada por Cabo de Hornos."
"CL-MUN-06114","06114","Municipalidad de Quinta de Tilcoco","06","Región del Libertador General Bernardo O'Higgins","https://datos.sinim.gov.cl/","2026-09-19","Antártica (12202) no tiene municipalidad propia; su agrupación es administrada por Cabo de Hornos."
"CL-MUN-06115","06115","Municipalidad de Rengo","06","Región del Libertador General Bernardo O'Higgins","https://datos.sinim.gov.cl/","2026-09-19","Antártica (12202) no tiene municipalidad propia; su agrupación es administrada por Cabo de Hornos."
"CL-MUN-06116","06116","Municipalidad de Requínoa","06","Región del Libertador General Bernardo O'Higgins","https://datos.sinim.gov.cl/","2026-09-19","Antártica (12202) no tiene municipalidad propia; su agrupación es administrada por Cabo de Hornos."
"CL-MUN-06117","06117","Municipalidad de San Vicente","06","Región del Libertador General Bernardo O'Higgins","https://datos.sinim.gov.cl/","2026-09-19","Antártica (12202) no tiene municipalidad propia; su agrupación es administrada por Cabo de Hornos."
"CL-MUN-06201","06201","Municipalidad de Pichilemu","06","Región del Libertador General Bernardo O'Higgins","https://datos.sinim.gov.cl/","2026-09-19","Antártica (12202) no tiene municipalidad propia; su agrupación es administrada por Cabo de Hornos."
"CL-MUN-06202","06202","Municipalidad de La Estrella","06","Región del Libertador General Bernardo O'Higgins","https://datos.sinim.gov.cl/","2026-09-19","Antártica (12202) no tiene municipalidad propia; su agrupación es administrada por Cabo de Hornos."
"CL-MUN-06203","06203","Municipalidad de Litueche","06","Región del Libertador General Bernardo O'Higgins","https://datos.sinim.gov.cl/","2026-09-19","Antártica (12202) no tiene municipalidad propia; su agrupación es administrada por Cabo de Hornos."
"CL-MUN-06204","06204","Municipalidad de Marchigüe","06","Región del Libertador General Bernardo O'Higgins","https://datos.sinim.gov.cl/","2026-09-19","Antártica (12202) no tiene municipalidad propia; su agrupación es administrada por Cabo de Hornos."
"CL-MUN-06205","06205","Municipalidad de Navidad","06","Región del Libertador General Bernardo O'Higgins","https://datos.sinim.gov.cl/","2026-09-19","Antártica (12202) no tiene municipalidad propia; su agrupación es administrada por Cabo de Hornos."
"CL-MUN-06206","06206","Municipalidad de Paredones","06","Región del Libertador General Bernardo O'Higgins","https://datos.sinim.gov.cl/","2026-09-19","Antártica (12202) no tiene municipalidad propia; su agrupación es administrada por Cabo de Hornos."
"CL-MUN-06301","06301","Municipalidad de San Fernando","06","Región del Libertador General Bernardo O'Higgins","https://datos.sinim.gov.cl/","2026-09-19","Antártica (12202) no tiene municipalidad propia; su agrupación es administrada por Cabo de Hornos."
"CL-MUN-06302","06302","Municipalidad de Chépica","06","Región del Libertador General Bernardo O'Higgins","https://datos.sinim.gov.cl/","2026-09-19","Antártica (12202) no tiene municipalidad propia; su agrupación es administrada por Cabo de Hornos."
"CL-MUN-06303","06303","Municipalidad de Chimbarongo","06","Región del Libertador General Bernardo O'Higgins","https://datos.sinim.gov.cl/","2026-09-19","Antártica (12202) no tiene municipalidad propia; su agrupación es administrada por Cabo de Hornos."
"CL-MUN-06304","06304","Municipalidad de Lolol","06","Región del Libertador General Bernardo O'Higgins","https://datos.sinim.gov.cl/","2026-09-19","Antártica (12202) no tiene municipalidad propia; su agrupación es administrada por Cabo de Hornos."
"CL-MUN-06305","06305","Municipalidad de Nancagua","06","Región del Libertador General Bernardo O'Higgins","https://datos.sinim.gov.cl/","2026-09-19","Antártica (12202) no tiene municipalidad propia; su agrupación es administrada por Cabo de Hornos."
"CL-MUN-06306","06306","Municipalidad de Palmilla","06","Región del Libertador General Bernardo O'Higgins","https://datos.sinim.gov.cl/","2026-09-19","Antártica (12202) no tiene municipalidad propia; su agrupación es administrada por Cabo de Hornos."
"CL-MUN-06307","06307","Municipalidad de Peralillo","06","Región del Libertador General Bernardo O'Higgins","https://datos.sinim.gov.cl/","2026-09-19","Antártica (12202) no tiene municipalidad propia; su agrupación es administrada por Cabo de Hornos."
"CL-MUN-06308","06308","Municipalidad de Placilla","06","Región del Libertador General Bernardo O'Higgins","https://datos.sinim.gov.cl/","2026-09-19","Antártica (12202) no tiene municipalidad propia; su agrupación es administrada por Cabo de Hornos."
"CL-MUN-06309","06309","Municipalidad de Pumanque","06","Región del Libertador General Bernardo O'Higgins","https://datos.sinim.gov.cl/","2026-09-19","Antártica (12202) no tiene municipalidad propia; su agrupación es administrada por Cabo de Hornos."
"CL-MUN-06310","06310","Municipalidad de Santa Cruz","06","Región del Libertador General Bernardo O'Higgins","https://datos.sinim.gov.cl/","2026-09-19","Antártica (12202) no tiene municipalidad propia; su agrupación es administrada por Cabo de Hornos."
"CL-MUN-07101","07101","Municipalidad de Talca","07","Región del Maule","https://datos.sinim.gov.cl/","2026-09-19","Antártica (12202) no tiene municipalidad propia; su agrupación es administrada por Cabo de Hornos."
"CL-MUN-07102","07102","Municipalidad de Constitución","07","Región del Maule","https://datos.sinim.gov.cl/","2026-09-19","Antártica (12202) no tiene municipalidad propia; su agrupación es administrada por Cabo de Hornos."
"CL-MUN-07103","07103","Municipalidad de Curepto","07","Región del Maule","https://datos.sinim.gov.cl/","2026-09-19","Antártica (12202) no tiene municipalidad propia; su agrupación es administrada por Cabo de Hornos."
"CL-MUN-07104","07104","Municipalidad de Empedrado","07","Región del Maule","https://datos.sinim.gov.cl/","2026-09-19","Antártica (12202) no tiene municipalidad propia; su agrupación es administrada por Cabo de Hornos."
"CL-MUN-07105","07105","Municipalidad de Maule","07","Región del Maule","https://datos.sinim.gov.cl/","2026-09-19","Antártica (12202) no tiene municipalidad propia; su agrupación es administrada por Cabo de Hornos."
"CL-MUN-07106","07106","Municipalidad de Pelarco","07","Región del Maule","https://datos.sinim.gov.cl/","2026-09-19","Antártica (12202) no tiene municipalidad propia; su agrupación es administrada por Cabo de Hornos."
"CL-MUN-07107","07107","Municipalidad de Pencahue","07","Región del Maule","https://datos.sinim.gov.cl/","2026-09-19","Antártica (12202) no tiene municipalidad propia; su agrupación es administrada por Cabo de Hornos."
"CL-MUN-07108","07108","Municipalidad de Río Claro","07","Región del Maule","https://datos.sinim.gov.cl/","2026-09-19","Antártica (12202) no tiene municipalidad propia; su agrupación es administrada por Cabo de Hornos."
"CL-MUN-07109","07109","Municipalidad de San Clemente","07","Región del Maule","https://datos.sinim.gov.cl/","2026-09-19","Antártica (12202) no tiene municipalidad propia; su agrupación es administrada por Cabo de Hornos."
"CL-MUN-07110","07110","Municipalidad de San Rafael","07","Región del Maule","https://datos.sinim.gov.cl/","2026-09-19","Antártica (12202) no tiene municipalidad propia; su agrupación es administrada por Cabo de Hornos."
"CL-MUN-07201","07201","Municipalidad de Cauquenes","07","Región del Maule","https://datos.sinim.gov.cl/","2026-09-19","Antártica (12202) no tiene municipalidad propia; su agrupación es administrada por Cabo de Hornos."
"CL-MUN-07202","07202","Municipalidad de Chanco","07","Región del Maule","https://datos.sinim.gov.cl/","2026-09-19","Antártica (12202) no tiene municipalidad propia; su agrupación es administrada por Cabo de Hornos."
"CL-MUN-07203","07203","Municipalidad de Pelluhue","07","Región del Maule","https://datos.sinim.gov.cl/","2026-09-19","Antártica (12202) no tiene municipalidad propia; su agrupación es administrada por Cabo de Hornos."
"CL-MUN-07301","07301","Municipalidad de Curicó","07","Región del Maule","https://datos.sinim.gov.cl/","2026-09-19","Antártica (12202) no tiene municipalidad propia; su agrupación es administrada por Cabo de Hornos."
"CL-MUN-07302","07302","Municipalidad de Hualañé","07","Región del Maule","https://datos.sinim.gov.cl/","2026-09-19","Antártica (12202) no tiene municipalidad propia; su agrupación es administrada por Cabo de Hornos."
"CL-MUN-07303","07303","Municipalidad de Licantén","07","Región del Maule","https://datos.sinim.gov.cl/","2026-09-19","Antártica (12202) no tiene municipalidad propia; su agrupación es administrada por Cabo de Hornos."
"CL-MUN-07304","07304","Municipalidad de Molina","07","Región del Maule","https://datos.sinim.gov.cl/","2026-09-19","Antártica (12202) no tiene municipalidad propia; su agrupación es administrada por Cabo de Hornos."
"CL-MUN-07305","07305","Municipalidad de Rauco","07","Región del Maule","https://datos.sinim.gov.cl/","2026-09-19","Antártica (12202) no tiene municipalidad propia; su agrupación es administrada por Cabo de Hornos."
"CL-MUN-07306","07306","Municipalidad de Romeral","07","Región del Maule","https://datos.sinim.gov.cl/","2026-09-19","Antártica (12202) no tiene municipalidad propia; su agrupación es administrada por Cabo de Hornos."
"CL-MUN-07307","07307","Municipalidad de Sagrada Familia","07","Región del Maule","https://datos.sinim.gov.cl/","2026-09-19","Antártica (12202) no tiene municipalidad propia; su agrupación es administrada por Cabo de Hornos."
"CL-MUN-07308","07308","Municipalidad de Teno","07","Región del Maule","https://datos.sinim.gov.cl/","2026-09-19","Antártica (12202) no tiene municipalidad propia; su agrupación es administrada por Cabo de Hornos."
"CL-MUN-07309","07309","Municipalidad de Vichuquén","07","Región del Maule","https://datos.sinim.gov.cl/","2026-09-19","Antártica (12202) no tiene municipalidad propia; su agrupación es administrada por Cabo de Hornos."
"CL-MUN-07401","07401","Municipalidad de Linares","07","Región del Maule","https://datos.sinim.gov.cl/","2026-09-19","Antártica (12202) no tiene municipalidad propia; su agrupación es administrada por Cabo de Hornos."
"CL-MUN-07402","07402","Municipalidad de Colbún","07","Región del Maule","https://datos.sinim.gov.cl/","2026-09-19","Antártica (12202) no tiene municipalidad propia; su agrupación es administrada por Cabo de Hornos."
"CL-MUN-07403","07403","Municipalidad de Longaví","07","Región del Maule","https://datos.sinim.gov.cl/","2026-09-19","Antártica (12202) no tiene municipalidad propia; su agrupación es administrada por Cabo de Hornos."
"CL-MUN-07404","07404","Municipalidad de Parral","07","Región del Maule","https://datos.sinim.gov.cl/","2026-09-19","Antártica (12202) no tiene municipalidad propia; su agrupación es administrada por Cabo de Hornos."
"CL-MUN-07405","07405","Municipalidad de Retiro","07","Región del Maule","https://datos.sinim.gov.cl/","2026-09-19","Antártica (12202) no tiene municipalidad propia; su agrupación es administrada por Cabo de Hornos."
"CL-MUN-07406","07406","Municipalidad de San Javier","07","Región del Maule","https://datos.sinim.gov.cl/","2026-09-19","Antártica (12202) no tiene municipalidad propia; su agrupación es administrada por Cabo de Hornos."
"CL-MUN-07407","07407","Municipalidad de Villa Alegre","07","Región del Maule","https://datos.sinim.gov.cl/","2026-09-19","Antártica (12202) no tiene municipalidad propia; su agrupación es administrada por Cabo de Hornos."
"CL-MUN-07408","07408","Municipalidad de Yerbas Buenas","07","Región del Maule","https://datos.sinim.gov.cl/","2026-09-19","Antártica (12202) no tiene municipalidad propia; su agrupación es administrada por Cabo de Hornos."
"CL-MUN-08101","08101","Municipalidad de Concepción","08","Región del Biobío","https://datos.sinim.gov.cl/","2026-09-19","Antártica (12202) no tiene municipalidad propia; su agrupación es administrada por Cabo de Hornos."
"CL-MUN-08102","08102","Municipalidad de Coronel","08","Región del Biobío","https://datos.sinim.gov.cl/","2026-09-19","Antártica (12202) no tiene municipalidad propia; su agrupación es administrada por Cabo de Hornos."
"CL-MUN-08103","08103","Municipalidad de Chiguayante","08","Región del Biobío","https://datos.sinim.gov.cl/","2026-09-19","Antártica (12202) no tiene municipalidad propia; su agrupación es administrada por Cabo de Hornos."
"CL-MUN-08104","08104","Municipalidad de Florida","08","Región del Biobío","https://datos.sinim.gov.cl/","2026-09-19","Antártica (12202) no tiene municipalidad propia; su agrupación es administrada por Cabo de Hornos."
"CL-MUN-08105","08105","Municipalidad de Hualqui","08","Región del Biobío","https://datos.sinim.gov.cl/","2026-09-19","Antártica (12202) no tiene municipalidad propia; su agrupación es administrada por Cabo de Hornos."
"CL-MUN-08106","08106","Municipalidad de Lota","08","Región del Biobío","https://datos.sinim.gov.cl/","2026-09-19","Antártica (12202) no tiene municipalidad propia; su agrupación es administrada por Cabo de Hornos."
"CL-MUN-08107","08107","Municipalidad de Penco","08","Región del Biobío","https://datos.sinim.gov.cl/","2026-09-19","Antártica (12202) no tiene municipalidad propia; su agrupación es administrada por Cabo de Hornos."
"CL-MUN-08108","08108","Municipalidad de San Pedro de la Paz","08","Región del Biobío","https://datos.sinim.gov.cl/","2026-09-19","Antártica (12202) no tiene municipalidad propia; su agrupación es administrada por Cabo de Hornos."
"CL-MUN-08109","08109","Municipalidad de Santa Juana","08","Región del Biobío","https://datos.sinim.gov.cl/","2026-09-19","Antártica (12202) no tiene municipalidad propia; su agrupación es administrada por Cabo de Hornos."
"CL-MUN-08110","08110","Municipalidad de Talcahuano","08","Región del Biobío","https://datos.sinim.gov.cl/","2026-09-19","Antártica (12202) no tiene municipalidad propia; su agrupación es administrada por Cabo de Hornos."
"CL-MUN-08111","08111","Municipalidad de Tomé","08","Región del Biobío","https://datos.sinim.gov.cl/","2026-09-19","Antártica (12202) no tiene municipalidad propia; su agrupación es administrada por Cabo de Hornos."
"CL-MUN-08112","08112","Municipalidad de Hualpén","08","Región del Biobío","https://datos.sinim.gov.cl/","2026-09-19","Antártica (12202) no tiene municipalidad propia; su agrupación es administrada por Cabo de Hornos."
"CL-MUN-08201","08201","Municipalidad de Lebu","08","Región del Biobío","https://datos.sinim.gov.cl/","2026-09-19","Antártica (12202) no tiene municipalidad propia; su agrupación es administrada por Cabo de Hornos."
"CL-MUN-08202","08202","Municipalidad de Arauco","08","Región del Biobío","https://datos.sinim.gov.cl/","2026-09-19","Antártica (12202) no tiene municipalidad propia; su agrupación es administrada por Cabo de Hornos."
"CL-MUN-08203","08203","Municipalidad de Cañete","08","Región del Biobío","https://datos.sinim.gov.cl/","2026-09-19","Antártica (12202) no tiene municipalidad propia; su agrupación es administrada por Cabo de Hornos."
"CL-MUN-08204","08204","Municipalidad de Contulmo","08","Región del Biobío","https://datos.sinim.gov.cl/","2026-09-19","Antártica (12202) no tiene municipalidad propia; su agrupación es administrada por Cabo de Hornos."
"CL-MUN-08205","08205","Municipalidad de Curanilahue","08","Región del Biobío","https://datos.sinim.gov.cl/","2026-09-19","Antártica (12202) no tiene municipalidad propia; su agrupación es administrada por Cabo de Hornos."
"CL-MUN-08206","08206","Municipalidad de Los Alamos","08","Región del Biobío","https://datos.sinim.gov.cl/","2026-09-19","Antártica (12202) no tiene municipalidad propia; su agrupación es administrada por Cabo de Hornos."
"CL-MUN-08207","08207","Municipalidad de Tirúa","08","Región del Biobío","https://datos.sinim.gov.cl/","2026-09-19","Antártica (12202) no tiene municipalidad propia; su agrupación es administrada por Cabo de Hornos."
"CL-MUN-08301","08301","Municipalidad de Los Ángeles","08","Región del Biobío","https://datos.sinim.gov.cl/","2026-09-19","Antártica (12202) no tiene municipalidad propia; su agrupación es administrada por Cabo de Hornos."
"CL-MUN-08302","08302","Municipalidad de Antuco","08","Región del Biobío","https://datos.sinim.gov.cl/","2026-09-19","Antártica (12202) no tiene municipalidad propia; su agrupación es administrada por Cabo de Hornos."
"CL-MUN-08303","08303","Municipalidad de Cabrero","08","Región del Biobío","https://datos.sinim.gov.cl/","2026-09-19","Antártica (12202) no tiene municipalidad propia; su agrupación es administrada por Cabo de Hornos."
"CL-MUN-08304","08304","Municipalidad de Laja","08","Región del Biobío","https://datos.sinim.gov.cl/","2026-09-19","Antártica (12202) no tiene municipalidad propia; su agrupación es administrada por Cabo de Hornos."
"CL-MUN-08305","08305","Municipalidad de Mulchén","08","Región del Biobío","https://datos.sinim.gov.cl/","2026-09-19","Antártica (12202) no tiene municipalidad propia; su agrupación es administrada por Cabo de Hornos."
"CL-MUN-08306","08306","Municipalidad de Nacimiento","08","Región del Biobío","https://datos.sinim.gov.cl/","2026-09-19","Antártica (12202) no tiene municipalidad propia; su agrupación es administrada por Cabo de Hornos."
"CL-MUN-08307","08307","Municipalidad de Negrete","08","Región del Biobío","https://datos.sinim.gov.cl/","2026-09-19","Antártica (12202) no tiene municipalidad propia; su agrupación es administrada por Cabo de Hornos."
"CL-MUN-08308","08308","Municipalidad de Quilaco","08","Región del Biobío","https://datos.sinim.gov.cl/","2026-09-19","Antártica (12202) no tiene municipalidad propia; su agrupación es administrada por Cabo de Hornos."
"CL-MUN-08309","08309","Municipalidad de Quilleco","08","Región del Biobío","https://datos.sinim.gov.cl/","2026-09-19","Antártica (12202) no tiene municipalidad propia; su agrupación es administrada por Cabo de Hornos."
"CL-MUN-08310","08310","Municipalidad de San Rosendo","08","Región del Biobío","https://datos.sinim.gov.cl/","2026-09-19","Antártica (12202) no tiene municipalidad propia; su agrupación es administrada por Cabo de Hornos."
"CL-MUN-08311","08311","Municipalidad de Santa Bárbara","08","Región del Biobío","https://datos.sinim.gov.cl/","2026-09-19","Antártica (12202) no tiene municipalidad propia; su agrupación es administrada por Cabo de Hornos."
"CL-MUN-08312","08312","Municipalidad de Tucapel","08","Región del Biobío","https://datos.sinim.gov.cl/","2026-09-19","Antártica (12202) no tiene municipalidad propia; su agrupación es administrada por Cabo de Hornos."
"CL-MUN-08313","08313","Municipalidad de Yumbel","08","Región del Biobío","https://datos.sinim.gov.cl/","2026-09-19","Antártica (12202) no tiene municipalidad propia; su agrupación es administrada por Cabo de Hornos."
"CL-MUN-08314","08314","Municipalidad de Alto Biobío","08","Región del Biobío","https://datos.sinim.gov.cl/","2026-09-19","Antártica (12202) no tiene municipalidad propia; su agrupación es administrada por Cabo de Hornos."
"CL-MUN-09101","09101","Municipalidad de Temuco","09","Región de La Araucanía","https://datos.sinim.gov.cl/","2026-09-19","Antártica (12202) no tiene municipalidad propia; su agrupación es administrada por Cabo de Hornos."
"CL-MUN-09102","09102","Municipalidad de Carahue","09","Región de La Araucanía","https://datos.sinim.gov.cl/","2026-09-19","Antártica (12202) no tiene municipalidad propia; su agrupación es administrada por Cabo de Hornos."
"CL-MUN-09103","09103","Municipalidad de Cunco","09","Región de La Araucanía","https://datos.sinim.gov.cl/","2026-09-19","Antártica (12202) no tiene municipalidad propia; su agrupación es administrada por Cabo de Hornos."
"CL-MUN-09104","09104","Municipalidad de Curarrehue","09","Región de La Araucanía","https://datos.sinim.gov.cl/","2026-09-19","Antártica (12202) no tiene municipalidad propia; su agrupación es administrada por Cabo de Hornos."
"CL-MUN-09105","09105","Municipalidad de Freire","09","Región de La Araucanía","https://datos.sinim.gov.cl/","2026-09-19","Antártica (12202) no tiene municipalidad propia; su agrupación es administrada por Cabo de Hornos."
"CL-MUN-09106","09106","Municipalidad de Galvarino","09","Región de La Araucanía","https://datos.sinim.gov.cl/","2026-09-19","Antártica (12202) no tiene municipalidad propia; su agrupación es administrada por Cabo de Hornos."
"CL-MUN-09107","09107","Municipalidad de Gorbea","09","Región de La Araucanía","https://datos.sinim.gov.cl/","2026-09-19","Antártica (12202) no tiene municipalidad propia; su agrupación es administrada por Cabo de Hornos."
"CL-MUN-09108","09108","Municipalidad de Lautaro","09","Región de La Araucanía","https://datos.sinim.gov.cl/","2026-09-19","Antártica (12202) no tiene municipalidad propia; su agrupación es administrada por Cabo de Hornos."
"CL-MUN-09109","09109","Municipalidad de Loncoche","09","Región de La Araucanía","https://datos.sinim.gov.cl/","2026-09-19","Antártica (12202) no tiene municipalidad propia; su agrupación es administrada por Cabo de Hornos."
"CL-MUN-09110","09110","Municipalidad de Melipeuco","09","Región de La Araucanía","https://datos.sinim.gov.cl/","2026-09-19","Antártica (12202) no tiene municipalidad propia; su agrupación es administrada por Cabo de Hornos."
"CL-MUN-09111","09111","Municipalidad de Nueva Imperial","09","Región de La Araucanía","https://datos.sinim.gov.cl/","2026-09-19","Antártica (12202) no tiene municipalidad propia; su agrupación es administrada por Cabo de Hornos."
"CL-MUN-09112","09112","Municipalidad de Padre Las Casas","09","Región de La Araucanía","https://datos.sinim.gov.cl/","2026-09-19","Antártica (12202) no tiene municipalidad propia; su agrupación es administrada por Cabo de Hornos."
"CL-MUN-09113","09113","Municipalidad de Perquenco","09","Región de La Araucanía","https://datos.sinim.gov.cl/","2026-09-19","Antártica (12202) no tiene municipalidad propia; su agrupación es administrada por Cabo de Hornos."
"CL-MUN-09114","09114","Municipalidad de Pitrufquén","09","Región de La Araucanía","https://datos.sinim.gov.cl/","2026-09-19","Antártica (12202) no tiene municipalidad propia; su agrupación es administrada por Cabo de Hornos."
"CL-MUN-09115","09115","Municipalidad de Pucón","09","Región de La Araucanía","https://datos.sinim.gov.cl/","2026-09-19","Antártica (12202) no tiene municipalidad propia; su agrupación es administrada por Cabo de Hornos."
"CL-MUN-09116","09116","Municipalidad de Saavedra","09","Región de La Araucanía","https://datos.sinim.gov.cl/","2026-09-19","Antártica (12202) no tiene municipalidad propia; su agrupación es administrada por Cabo de Hornos."
"CL-MUN-09117","09117","Municipalidad de Teodoro Schmidt","09","Región de La Araucanía","https://datos.sinim.gov.cl/","2026-09-19","Antártica (12202) no tiene municipalidad propia; su agrupación es administrada por Cabo de Hornos."
"CL-MUN-09118","09118","Municipalidad de Toltén","09","Región de La Araucanía","https://datos.sinim.gov.cl/","2026-09-19","Antártica (12202) no tiene municipalidad propia; su agrupación es administrada por Cabo de Hornos."
"CL-MUN-09119","09119","Municipalidad de Vilcún","09","Región de La Araucanía","https://datos.sinim.gov.cl/","2026-09-19","Antártica (12202) no tiene municipalidad propia; su agrupación es administrada por Cabo de Hornos."
"CL-MUN-09120","09120","Municipalidad de Villarrica","09","Región de La Araucanía","https://datos.sinim.gov.cl/","2026-09-19","Antártica (12202) no tiene municipalidad propia; su agrupación es administrada por Cabo de Hornos."
"CL-MUN-09121","09121","Municipalidad de Cholchol","09","Región de La Araucanía","https://datos.sinim.gov.cl/","2026-09-19","Antártica (12202) no tiene municipalidad propia; su agrupación es administrada por Cabo de Hornos."
"CL-MUN-09201","09201","Municipalidad de Angol","09","Región de La Araucanía","https://datos.sinim.gov.cl/","2026-09-19","Antártica (12202) no tiene municipalidad propia; su agrupación es administrada por Cabo de Hornos."
"CL-MUN-09202","09202","Municipalidad de Collipulli","09","Región de La Araucanía","https://datos.sinim.gov.cl/","2026-09-19","Antártica (12202) no tiene municipalidad propia; su agrupación es administrada por Cabo de Hornos."
"CL-MUN-09203","09203","Municipalidad de Curacautín","09","Región de La Araucanía","https://datos.sinim.gov.cl/","2026-09-19","Antártica (12202) no tiene municipalidad propia; su agrupación es administrada por Cabo de Hornos."
"CL-MUN-09204","09204","Municipalidad de Ercilla","09","Región de La Araucanía","https://datos.sinim.gov.cl/","2026-09-19","Antártica (12202) no tiene municipalidad propia; su agrupación es administrada por Cabo de Hornos."
"CL-MUN-09205","09205","Municipalidad de Lonquimay","09","Región de La Araucanía","https://datos.sinim.gov.cl/","2026-09-19","Antártica (12202) no tiene municipalidad propia; su agrupación es administrada por Cabo de Hornos."
"CL-MUN-09206","09206","Municipalidad de Los Sauces","09","Región de La Araucanía","https://datos.sinim.gov.cl/","2026-09-19","Antártica (12202) no tiene municipalidad propia; su agrupación es administrada por Cabo de Hornos."
"CL-MUN-09207","09207","Municipalidad de Lumaco","09","Región de La Araucanía","https://datos.sinim.gov.cl/","2026-09-19","Antártica (12202) no tiene municipalidad propia; su agrupación es administrada por Cabo de Hornos."
"CL-MUN-09208","09208","Municipalidad de Purén","09","Región de La Araucanía","https://datos.sinim.gov.cl/","2026-09-19","Antártica (12202) no tiene municipalidad propia; su agrupación es administrada por Cabo de Hornos."
"CL-MUN-09209","09209","Municipalidad de Renaico","09","Región de La Araucanía","https://datos.sinim.gov.cl/","2026-09-19","Antártica (12202) no tiene municipalidad propia; su agrupación es administrada por Cabo de Hornos."
"CL-MUN-09210","09210","Municipalidad de Traiguén","09","Región de La Araucanía","https://datos.sinim.gov.cl/","2026-09-19","Antártica (12202) no tiene municipalidad propia; su agrupación es administrada por Cabo de Hornos."
"CL-MUN-09211","09211","Municipalidad de Victoria","09","Región de La Araucanía","https://datos.sinim.gov.cl/","2026-09-19","Antártica (12202) no tiene municipalidad propia; su agrupación es administrada por Cabo de Hornos."
"CL-MUN-10101","10101","Municipalidad de Puerto Montt","10","Región de Los Lagos","https://datos.sinim.gov.cl/","2026-09-19","Antártica (12202) no tiene municipalidad propia; su agrupación es administrada por Cabo de Hornos."
"CL-MUN-10102","10102","Municipalidad de Calbuco","10","Región de Los Lagos","https://datos.sinim.gov.cl/","2026-09-19","Antártica (12202) no tiene municipalidad propia; su agrupación es administrada por Cabo de Hornos."
"CL-MUN-10103","10103","Municipalidad de Cochamó","10","Región de Los Lagos","https://datos.sinim.gov.cl/","2026-09-19","Antártica (12202) no tiene municipalidad propia; su agrupación es administrada por Cabo de Hornos."
"CL-MUN-10104","10104","Municipalidad de Fresia","10","Región de Los Lagos","https://datos.sinim.gov.cl/","2026-09-19","Antártica (12202) no tiene municipalidad propia; su agrupación es administrada por Cabo de Hornos."
"CL-MUN-10105","10105","Municipalidad de Frutillar","10","Región de Los Lagos","https://datos.sinim.gov.cl/","2026-09-19","Antártica (12202) no tiene municipalidad propia; su agrupación es administrada por Cabo de Hornos."
"CL-MUN-10106","10106","Municipalidad de Los Muermos","10","Región de Los Lagos","https://datos.sinim.gov.cl/","2026-09-19","Antártica (12202) no tiene municipalidad propia; su agrupación es administrada por Cabo de Hornos."
"CL-MUN-10107","10107","Municipalidad de Llanquihue","10","Región de Los Lagos","https://datos.sinim.gov.cl/","2026-09-19","Antártica (12202) no tiene municipalidad propia; su agrupación es administrada por Cabo de Hornos."
"CL-MUN-10108","10108","Municipalidad de Maullín","10","Región de Los Lagos","https://datos.sinim.gov.cl/","2026-09-19","Antártica (12202) no tiene municipalidad propia; su agrupación es administrada por Cabo de Hornos."
"CL-MUN-10109","10109","Municipalidad de Puerto Varas","10","Región de Los Lagos","https://datos.sinim.gov.cl/","2026-09-19","Antártica (12202) no tiene municipalidad propia; su agrupación es administrada por Cabo de Hornos."
"CL-MUN-10201","10201","Municipalidad de Castro","10","Región de Los Lagos","https://datos.sinim.gov.cl/","2026-09-19","Antártica (12202) no tiene municipalidad propia; su agrupación es administrada por Cabo de Hornos."
"CL-MUN-10202","10202","Municipalidad de Ancud","10","Región de Los Lagos","https://datos.sinim.gov.cl/","2026-09-19","Antártica (12202) no tiene municipalidad propia; su agrupación es administrada por Cabo de Hornos."
"CL-MUN-10203","10203","Municipalidad de Chonchi","10","Región de Los Lagos","https://datos.sinim.gov.cl/","2026-09-19","Antártica (12202) no tiene municipalidad propia; su agrupación es administrada por Cabo de Hornos."
"CL-MUN-10204","10204","Municipalidad de Curaco de Vélez","10","Región de Los Lagos","https://datos.sinim.gov.cl/","2026-09-19","Antártica (12202) no tiene municipalidad propia; su agrupación es administrada por Cabo de Hornos."
"CL-MUN-10205","10205","Municipalidad de Dalcahue","10","Región de Los Lagos","https://datos.sinim.gov.cl/","2026-09-19","Antártica (12202) no tiene municipalidad propia; su agrupación es administrada por Cabo de Hornos."
"CL-MUN-10206","10206","Municipalidad de Puqueldón","10","Región de Los Lagos","https://datos.sinim.gov.cl/","2026-09-19","Antártica (12202) no tiene municipalidad propia; su agrupación es administrada por Cabo de Hornos."
"CL-MUN-10207","10207","Municipalidad de Queilén","10","Región de Los Lagos","https://datos.sinim.gov.cl/","2026-09-19","Antártica (12202) no tiene municipalidad propia; su agrupación es administrada por Cabo de Hornos."
"CL-MUN-10208","10208","Municipalidad de Quellón","10","Región de Los Lagos","https://datos.sinim.gov.cl/","2026-09-19","Antártica (12202) no tiene municipalidad propia; su agrupación es administrada por Cabo de Hornos."
"CL-MUN-10209","10209","Municipalidad de Quemchi","10","Región de Los Lagos","https://datos.sinim.gov.cl/","2026-09-19","Antártica (12202) no tiene municipalidad propia; su agrupación es administrada por Cabo de Hornos."
"CL-MUN-10210","10210","Municipalidad de Quinchao","10","Región de Los Lagos","https://datos.sinim.gov.cl/","2026-09-19","Antártica (12202) no tiene municipalidad propia; su agrupación es administrada por Cabo de Hornos."
"CL-MUN-10301","10301","Municipalidad de Osorno","10","Región de Los Lagos","https://datos.sinim.gov.cl/","2026-09-19","Antártica (12202) no tiene municipalidad propia; su agrupación es administrada por Cabo de Hornos."
"CL-MUN-10302","10302","Municipalidad de Puerto Octay","10","Región de Los Lagos","https://datos.sinim.gov.cl/","2026-09-19","Antártica (12202) no tiene municipalidad propia; su agrupación es administrada por Cabo de Hornos."
"CL-MUN-10303","10303","Municipalidad de Purranque","10","Región de Los Lagos","https://datos.sinim.gov.cl/","2026-09-19","Antártica (12202) no tiene municipalidad propia; su agrupación es administrada por Cabo de Hornos."
"CL-MUN-10304","10304","Municipalidad de Puyehue","10","Región de Los Lagos","https://datos.sinim.gov.cl/","2026-09-19","Antártica (12202) no tiene municipalidad propia; su agrupación es administrada por Cabo de Hornos."
"CL-MUN-10305","10305","Municipalidad de Río Negro","10","Región de Los Lagos","https://datos.sinim.gov.cl/","2026-09-19","Antártica (12202) no tiene municipalidad propia; su agrupación es administrada por Cabo de Hornos."
"CL-MUN-10306","10306","Municipalidad de San Juan de la Costa","10","Región de Los Lagos","https://datos.sinim.gov.cl/","2026-09-19","Antártica (12202) no tiene municipalidad propia; su agrupación es administrada por Cabo de Hornos."
"CL-MUN-10307","10307","Municipalidad de San Pablo","10","Región de Los Lagos","https://datos.sinim.gov.cl/","2026-09-19","Antártica (12202) no tiene municipalidad propia; su agrupación es administrada por Cabo de Hornos."
"CL-MUN-10401","10401","Municipalidad de Chaitén","10","Región de Los Lagos","https://datos.sinim.gov.cl/","2026-09-19","Antártica (12202) no tiene municipalidad propia; su agrupación es administrada por Cabo de Hornos."
"CL-MUN-10402","10402","Municipalidad de Futaleufú","10","Región de Los Lagos","https://datos.sinim.gov.cl/","2026-09-19","Antártica (12202) no tiene municipalidad propia; su agrupación es administrada por Cabo de Hornos."
"CL-MUN-10403","10403","Municipalidad de Hualaihué","10","Región de Los Lagos","https://datos.sinim.gov.cl/","2026-09-19","Antártica (12202) no tiene municipalidad propia; su agrupación es administrada por Cabo de Hornos."
"CL-MUN-10404","10404","Municipalidad de Palena","10","Región de Los Lagos","https://datos.sinim.gov.cl/","2026-09-19","Antártica (12202) no tiene municipalidad propia; su agrupación es administrada por Cabo de Hornos."
"CL-MUN-11101","11101","Municipalidad de Coyhaique","11","Región de Aysén del General Carlos Ibáñez del Campo","https://datos.sinim.gov.cl/","2026-09-19","Antártica (12202) no tiene municipalidad propia; su agrupación es administrada por Cabo de Hornos."
"CL-MUN-11102","11102","Municipalidad de Lago Verde","11","Región de Aysén del General Carlos Ibáñez del Campo","https://datos.sinim.gov.cl/","2026-09-19","Antártica (12202) no tiene municipalidad propia; su agrupación es administrada por Cabo de Hornos."
"CL-MUN-11201","11201","Municipalidad de Aysén","11","Región de Aysén del General Carlos Ibáñez del Campo","https://datos.sinim.gov.cl/","2026-09-19","Antártica (12202) no tiene municipalidad propia; su agrupación es administrada por Cabo de Hornos."
"CL-MUN-11202","11202","Municipalidad de Cisnes","11","Región de Aysén del General Carlos Ibáñez del Campo","https://datos.sinim.gov.cl/","2026-09-19","Antártica (12202) no tiene municipalidad propia; su agrupación es administrada por Cabo de Hornos."
"CL-MUN-11203","11203","Municipalidad de Guaitecas","11","Región de Aysén del General Carlos Ibáñez del Campo","https://datos.sinim.gov.cl/","2026-09-19","Antártica (12202) no tiene municipalidad propia; su agrupación es administrada por Cabo de Hornos."
"CL-MUN-11301","11301","Municipalidad de Cochrane","11","Región de Aysén del General Carlos Ibáñez del Campo","https://datos.sinim.gov.cl/","2026-09-19","Antártica (12202) no tiene municipalidad propia; su agrupación es administrada por Cabo de Hornos."
"CL-MUN-11302","11302","Municipalidad de O'Higgins","11","Región de Aysén del General Carlos Ibáñez del Campo","https://datos.sinim.gov.cl/","2026-09-19","Antártica (12202) no tiene municipalidad propia; su agrupación es administrada por Cabo de Hornos."
"CL-MUN-11303","11303","Municipalidad de Tortel","11","Región de Aysén del General Carlos Ibáñez del Campo","https://datos.sinim.gov.cl/","2026-09-19","Antártica (12202) no tiene municipalidad propia; su agrupación es administrada por Cabo de Hornos."
"CL-MUN-11401","11401","Municipalidad de Chile Chico","11","Región de Aysén del General Carlos Ibáñez del Campo","https://datos.sinim.gov.cl/","2026-09-19","Antártica (12202) no tiene municipalidad propia; su agrupación es administrada por Cabo de Hornos."
"CL-MUN-11402","11402","Municipalidad de Río Ibáñez","11","Región de Aysén del General Carlos Ibáñez del Campo","https://datos.sinim.gov.cl/","2026-09-19","Antártica (12202) no tiene municipalidad propia; su agrupación es administrada por Cabo de Hornos."
"CL-MUN-12101","12101","Municipalidad de Punta Arenas","12","Región de Magallanes y de la Antártica Chilena","https://datos.sinim.gov.cl/","2026-09-19","Antártica (12202) no tiene municipalidad propia; su agrupación es administrada por Cabo de Hornos."
"CL-MUN-12102","12102","Municipalidad de Laguna Blanca","12","Región de Magallanes y de la Antártica Chilena","https://datos.sinim.gov.cl/","2026-09-19","Antártica (12202) no tiene municipalidad propia; su agrupación es administrada por Cabo de Hornos."
"CL-MUN-12103","12103","Municipalidad de Río Verde","12","Región de Magallanes y de la Antártica Chilena","https://datos.sinim.gov.cl/","2026-09-19","Antártica (12202) no tiene municipalidad propia; su agrupación es administrada por Cabo de Hornos."
"CL-MUN-12104","12104","Municipalidad de San Gregorio","12","Región de Magallanes y de la Antártica Chilena","https://datos.sinim.gov.cl/","2026-09-19","Antártica (12202) no tiene municipalidad propia; su agrupación es administrada por Cabo de Hornos."
"CL-MUN-12201","12201","Municipalidad de Cabo de Hornos","12","Región de Magallanes y de la Antártica Chilena","https://datos.sinim.gov.cl/","2026-09-19","Antártica (12202) no tiene municipalidad propia; su agrupación es administrada por Cabo de Hornos."
"CL-MUN-12301","12301","Municipalidad de Porvenir","12","Región de Magallanes y de la Antártica Chilena","https://datos.sinim.gov.cl/","2026-09-19","Antártica (12202) no tiene municipalidad propia; su agrupación es administrada por Cabo de Hornos."
"CL-MUN-12302","12302","Municipalidad de Primavera","12","Región de Magallanes y de la Antártica Chilena","https://datos.sinim.gov.cl/","2026-09-19","Antártica (12202) no tiene municipalidad propia; su agrupación es administrada por Cabo de Hornos."
"CL-MUN-12303","12303","Municipalidad de Timaukel","12","Región de Magallanes y de la Antártica Chilena","https://datos.sinim.gov.cl/","2026-09-19","Antártica (12202) no tiene municipalidad propia; su agrupación es administrada por Cabo de Hornos."
"CL-MUN-12401","12401","Municipalidad de Natales","12","Región de Magallanes y de la Antártica Chilena","https://datos.sinim.gov.cl/","2026-09-19","Antártica (12202) no tiene municipalidad propia; su agrupación es administrada por Cabo de Hornos."
"CL-MUN-12402","12402","Municipalidad de Torres del Paine","12","Región de Magallanes y de la Antártica Chilena","https://datos.sinim.gov.cl/","2026-09-19","Antártica (12202) no tiene municipalidad propia; su agrupación es administrada por Cabo de Hornos."
"CL-MUN-13101","13101","Municipalidad de Santiago","13","Región Metropolitana de Santiago","https://datos.sinim.gov.cl/","2026-09-19","Antártica (12202) no tiene municipalidad propia; su agrupación es administrada por Cabo de Hornos."
"CL-MUN-13102","13102","Municipalidad de Cerrillos","13","Región Metropolitana de Santiago","https://datos.sinim.gov.cl/","2026-09-19","Antártica (12202) no tiene municipalidad propia; su agrupación es administrada por Cabo de Hornos."
"CL-MUN-13103","13103","Municipalidad de Cerro Navia","13","Región Metropolitana de Santiago","https://datos.sinim.gov.cl/","2026-09-19","Antártica (12202) no tiene municipalidad propia; su agrupación es administrada por Cabo de Hornos."
"CL-MUN-13104","13104","Municipalidad de Conchalí","13","Región Metropolitana de Santiago","https://datos.sinim.gov.cl/","2026-09-19","Antártica (12202) no tiene municipalidad propia; su agrupación es administrada por Cabo de Hornos."
"CL-MUN-13105","13105","Municipalidad de El Bosque","13","Región Metropolitana de Santiago","https://datos.sinim.gov.cl/","2026-09-19","Antártica (12202) no tiene municipalidad propia; su agrupación es administrada por Cabo de Hornos."
"CL-MUN-13106","13106","Municipalidad de Estación Central","13","Región Metropolitana de Santiago","https://datos.sinim.gov.cl/","2026-09-19","Antártica (12202) no tiene municipalidad propia; su agrupación es administrada por Cabo de Hornos."
"CL-MUN-13107","13107","Municipalidad de Huechuraba","13","Región Metropolitana de Santiago","https://datos.sinim.gov.cl/","2026-09-19","Antártica (12202) no tiene municipalidad propia; su agrupación es administrada por Cabo de Hornos."
"CL-MUN-13108","13108","Municipalidad de Independencia","13","Región Metropolitana de Santiago","https://datos.sinim.gov.cl/","2026-09-19","Antártica (12202) no tiene municipalidad propia; su agrupación es administrada por Cabo de Hornos."
"CL-MUN-13109","13109","Municipalidad de La Cisterna","13","Región Metropolitana de Santiago","https://datos.sinim.gov.cl/","2026-09-19","Antártica (12202) no tiene municipalidad propia; su agrupación es administrada por Cabo de Hornos."
"CL-MUN-13110","13110","Municipalidad de La Florida","13","Región Metropolitana de Santiago","https://datos.sinim.gov.cl/","2026-09-19","Antártica (12202) no tiene municipalidad propia; su agrupación es administrada por Cabo de Hornos."
"CL-MUN-13111","13111","Municipalidad de La Granja","13","Región Metropolitana de Santiago","https://datos.sinim.gov.cl/","2026-09-19","Antártica (12202) no tiene municipalidad propia; su agrupación es administrada por Cabo de Hornos."
"CL-MUN-13112","13112","Municipalidad de La Pintana","13","Región Metropolitana de Santiago","https://datos.sinim.gov.cl/","2026-09-19","Antártica (12202) no tiene municipalidad propia; su agrupación es administrada por Cabo de Hornos."
"CL-MUN-13113","13113","Municipalidad de La Reina","13","Región Metropolitana de Santiago","https://datos.sinim.gov.cl/","2026-09-19","Antártica (12202) no tiene municipalidad propia; su agrupación es administrada por Cabo de Hornos."
"CL-MUN-13114","13114","Municipalidad de Las Condes","13","Región Metropolitana de Santiago","https://datos.sinim.gov.cl/","2026-09-19","Antártica (12202) no tiene municipalidad propia; su agrupación es administrada por Cabo de Hornos."
"CL-MUN-13115","13115","Municipalidad de Lo Barnechea","13","Región Metropolitana de Santiago","https://datos.sinim.gov.cl/","2026-09-19","Antártica (12202) no tiene municipalidad propia; su agrupación es administrada por Cabo de Hornos."
"CL-MUN-13116","13116","Municipalidad de Lo Espejo","13","Región Metropolitana de Santiago","https://datos.sinim.gov.cl/","2026-09-19","Antártica (12202) no tiene municipalidad propia; su agrupación es administrada por Cabo de Hornos."
"CL-MUN-13117","13117","Municipalidad de Lo Prado","13","Región Metropolitana de Santiago","https://datos.sinim.gov.cl/","2026-09-19","Antártica (12202) no tiene municipalidad propia; su agrupación es administrada por Cabo de Hornos."
"CL-MUN-13118","13118","Municipalidad de Macul","13","Región Metropolitana de Santiago","https://datos.sinim.gov.cl/","2026-09-19","Antártica (12202) no tiene municipalidad propia; su agrupación es administrada por Cabo de Hornos."
"CL-MUN-13119","13119","Municipalidad de Maipú","13","Región Metropolitana de Santiago","https://datos.sinim.gov.cl/","2026-09-19","Antártica (12202) no tiene municipalidad propia; su agrupación es administrada por Cabo de Hornos."
"CL-MUN-13120","13120","Municipalidad de Ñuñoa","13","Región Metropolitana de Santiago","https://datos.sinim.gov.cl/","2026-09-19","Antártica (12202) no tiene municipalidad propia; su agrupación es administrada por Cabo de Hornos."
"CL-MUN-13121","13121","Municipalidad de Pedro Aguirre Cerda","13","Región Metropolitana de Santiago","https://datos.sinim.gov.cl/","2026-09-19","Antártica (12202) no tiene municipalidad propia; su agrupación es administrada por Cabo de Hornos."
"CL-MUN-13122","13122","Municipalidad de Peñalolén","13","Región Metropolitana de Santiago","https://datos.sinim.gov.cl/","2026-09-19","Antártica (12202) no tiene municipalidad propia; su agrupación es administrada por Cabo de Hornos."
"CL-MUN-13123","13123","Municipalidad de Providencia","13","Región Metropolitana de Santiago","https://datos.sinim.gov.cl/","2026-09-19","Antártica (12202) no tiene municipalidad propia; su agrupación es administrada por Cabo de Hornos."
"CL-MUN-13124","13124","Municipalidad de Pudahuel","13","Región Metropolitana de Santiago","https://datos.sinim.gov.cl/","2026-09-19","Antártica (12202) no tiene municipalidad propia; su agrupación es administrada por Cabo de Hornos."
"CL-MUN-13125","13125","Municipalidad de Quilicura","13","Región Metropolitana de Santiago","https://datos.sinim.gov.cl/","2026-09-19","Antártica (12202) no tiene municipalidad propia; su agrupación es administrada por Cabo de Hornos."
"CL-MUN-13126","13126","Municipalidad de Quinta Normal","13","Región Metropolitana de Santiago","https://datos.sinim.gov.cl/","2026-09-19","Antártica (12202) no tiene municipalidad propia; su agrupación es administrada por Cabo de Hornos."
"CL-MUN-13127","13127","Municipalidad de Recoleta","13","Región Metropolitana de Santiago","https://datos.sinim.gov.cl/","2026-09-19","Antártica (12202) no tiene municipalidad propia; su agrupación es administrada por Cabo de Hornos."
"CL-MUN-13128","13128","Municipalidad de Renca","13","Región Metropolitana de Santiago","https://datos.sinim.gov.cl/","2026-09-19","Antártica (12202) no tiene municipalidad propia; su agrupación es administrada por Cabo de Hornos."
"CL-MUN-13129","13129","Municipalidad de San Joaquín","13","Región Metropolitana de Santiago","https://datos.sinim.gov.cl/","2026-09-19","Antártica (12202) no tiene municipalidad propia; su agrupación es administrada por Cabo de Hornos."
"CL-MUN-13130","13130","Municipalidad de San Miguel","13","Región Metropolitana de Santiago","https://datos.sinim.gov.cl/","2026-09-19","Antártica (12202) no tiene municipalidad propia; su agrupación es administrada por Cabo de Hornos."
"CL-MUN-13131","13131","Municipalidad de San Ramón","13","Región Metropolitana de Santiago","https://datos.sinim.gov.cl/","2026-09-19","Antártica (12202) no tiene municipalidad propia; su agrupación es administrada por Cabo de Hornos."
"CL-MUN-13132","13132","Municipalidad de Vitacura","13","Región Metropolitana de Santiago","https://datos.sinim.gov.cl/","2026-09-19","Antártica (12202) no tiene municipalidad propia; su agrupación es administrada por Cabo de Hornos."
"CL-MUN-13201","13201","Municipalidad de Puente Alto","13","Región Metropolitana de Santiago","https://datos.sinim.gov.cl/","2026-09-19","Antártica (12202) no tiene municipalidad propia; su agrupación es administrada por Cabo de Hornos."
"CL-MUN-13202","13202","Municipalidad de Pirque","13","Región Metropolitana de Santiago","https://datos.sinim.gov.cl/","2026-09-19","Antártica (12202) no tiene municipalidad propia; su agrupación es administrada por Cabo de Hornos."
"CL-MUN-13203","13203","Municipalidad de San José de Maipo","13","Región Metropolitana de Santiago","https://datos.sinim.gov.cl/","2026-09-19","Antártica (12202) no tiene municipalidad propia; su agrupación es administrada por Cabo de Hornos."
"CL-MUN-13301","13301","Municipalidad de Colina","13","Región Metropolitana de Santiago","https://datos.sinim.gov.cl/","2026-09-19","Antártica (12202) no tiene municipalidad propia; su agrupación es administrada por Cabo de Hornos."
"CL-MUN-13302","13302","Municipalidad de Lampa","13","Región Metropolitana de Santiago","https://datos.sinim.gov.cl/","2026-09-19","Antártica (12202) no tiene municipalidad propia; su agrupación es administrada por Cabo de Hornos."
"CL-MUN-13303","13303","Municipalidad de Tiltil","13","Región Metropolitana de Santiago","https://datos.sinim.gov.cl/","2026-09-19","Antártica (12202) no tiene municipalidad propia; su agrupación es administrada por Cabo de Hornos."
"CL-MUN-13401","13401","Municipalidad de San Bernardo","13","Región Metropolitana de Santiago","https://datos.sinim.gov.cl/","2026-09-19","Antártica (12202) no tiene municipalidad propia; su agrupación es administrada por Cabo de Hornos."
"CL-MUN-13402","13402","Municipalidad de Buin","13","Región Metropolitana de Santiago","https://datos.sinim.gov.cl/","2026-09-19","Antártica (12202) no tiene municipalidad propia; su agrupación es administrada por Cabo de Hornos."
"CL-MUN-13403","13403","Municipalidad de Calera de Tango","13","Región Metropolitana de Santiago","https://datos.sinim.gov.cl/","2026-09-19","Antártica (12202) no tiene municipalidad propia; su agrupación es administrada por Cabo de Hornos."
"CL-MUN-13404","13404","Municipalidad de Paine","13","Región Metropolitana de Santiago","https://datos.sinim.gov.cl/","2026-09-19","Antártica (12202) no tiene municipalidad propia; su agrupación es administrada por Cabo de Hornos."
"CL-MUN-13501","13501","Municipalidad de Melipilla","13","Región Metropolitana de Santiago","https://datos.sinim.gov.cl/","2026-09-19","Antártica (12202) no tiene municipalidad propia; su agrupación es administrada por Cabo de Hornos."
"CL-MUN-13502","13502","Municipalidad de Alhué","13","Región Metropolitana de Santiago","https://datos.sinim.gov.cl/","2026-09-19","Antártica (12202) no tiene municipalidad propia; su agrupación es administrada por Cabo de Hornos."
"CL-MUN-13503","13503","Municipalidad de Curacaví","13","Región Metropolitana de Santiago","https://datos.sinim.gov.cl/","2026-09-19","Antártica (12202) no tiene municipalidad propia; su agrupación es administrada por Cabo de Hornos."
"CL-MUN-13504","13504","Municipalidad de María Pinto","13","Región Metropolitana de Santiago","https://datos.sinim.gov.cl/","2026-09-19","Antártica (12202) no tiene municipalidad propia; su agrupación es administrada por Cabo de Hornos."
"CL-MUN-13505","13505","Municipalidad de San Pedro","13","Región Metropolitana de Santiago","https://datos.sinim.gov.cl/","2026-09-19","Antártica (12202) no tiene municipalidad propia; su agrupación es administrada por Cabo de Hornos."
"CL-MUN-13601","13601","Municipalidad de Talagante","13","Región Metropolitana de Santiago","https://datos.sinim.gov.cl/","2026-09-19","Antártica (12202) no tiene municipalidad propia; su agrupación es administrada por Cabo de Hornos."
"CL-MUN-13602","13602","Municipalidad de El Monte","13","Región Metropolitana de Santiago","https://datos.sinim.gov.cl/","2026-09-19","Antártica (12202) no tiene municipalidad propia; su agrupación es administrada por Cabo de Hornos."
"CL-MUN-13603","13603","Municipalidad de Isla de Maipo","13","Región Metropolitana de Santiago","https://datos.sinim.gov.cl/","2026-09-19","Antártica (12202) no tiene municipalidad propia; su agrupación es administrada por Cabo de Hornos."
"CL-MUN-13604","13604","Municipalidad de Padre Hurtado","13","Región Metropolitana de Santiago","https://datos.sinim.gov.cl/","2026-09-19","Antártica (12202) no tiene municipalidad propia; su agrupación es administrada por Cabo de Hornos."
"CL-MUN-13605","13605","Municipalidad de Peñaflor","13","Región Metropolitana de Santiago","https://datos.sinim.gov.cl/","2026-09-19","Antártica (12202) no tiene municipalidad propia; su agrupación es administrada por Cabo de Hornos."
"CL-MUN-14101","14101","Municipalidad de Valdivia","14","Región de Los Ríos","https://datos.sinim.gov.cl/","2026-09-19","Antártica (12202) no tiene municipalidad propia; su agrupación es administrada por Cabo de Hornos."
"CL-MUN-14102","14102","Municipalidad de Corral","14","Región de Los Ríos","https://datos.sinim.gov.cl/","2026-09-19","Antártica (12202) no tiene municipalidad propia; su agrupación es administrada por Cabo de Hornos."
"CL-MUN-14103","14103","Municipalidad de Lanco","14","Región de Los Ríos","https://datos.sinim.gov.cl/","2026-09-19","Antártica (12202) no tiene municipalidad propia; su agrupación es administrada por Cabo de Hornos."
"CL-MUN-14104","14104","Municipalidad de Los Lagos","14","Región de Los Ríos","https://datos.sinim.gov.cl/","2026-09-19","Antártica (12202) no tiene municipalidad propia; su agrupación es administrada por Cabo de Hornos."
"CL-MUN-14105","14105","Municipalidad de Máfil","14","Región de Los Ríos","https://datos.sinim.gov.cl/","2026-09-19","Antártica (12202) no tiene municipalidad propia; su agrupación es administrada por Cabo de Hornos."
"CL-MUN-14106","14106","Municipalidad de Mariquina","14","Región de Los Ríos","https://datos.sinim.gov.cl/","2026-09-19","Antártica (12202) no tiene municipalidad propia; su agrupación es administrada por Cabo de Hornos."
"CL-MUN-14107","14107","Municipalidad de Paillaco","14","Región de Los Ríos","https://datos.sinim.gov.cl/","2026-09-19","Antártica (12202) no tiene municipalidad propia; su agrupación es administrada por Cabo de Hornos."
"CL-MUN-14108","14108","Municipalidad de Panguipulli","14","Región de Los Ríos","https://datos.sinim.gov.cl/","2026-09-19","Antártica (12202) no tiene municipalidad propia; su agrupación es administrada por Cabo de Hornos."
"CL-MUN-14201","14201","Municipalidad de La Unión","14","Región de Los Ríos","https://datos.sinim.gov.cl/","2026-09-19","Antártica (12202) no tiene municipalidad propia; su agrupación es administrada por Cabo de Hornos."
"CL-MUN-14202","14202","Municipalidad de Futrono","14","Región de Los Ríos","https://datos.sinim.gov.cl/","2026-09-19","Antártica (12202) no tiene municipalidad propia; su agrupación es administrada por Cabo de Hornos."
"CL-MUN-14203","14203","Municipalidad de Lago Ranco","14","Región de Los Ríos","https://datos.sinim.gov.cl/","2026-09-19","Antártica (12202) no tiene municipalidad propia; su agrupación es administrada por Cabo de Hornos."
"CL-MUN-14204","14204","Municipalidad de Río Bueno","14","Región de Los Ríos","https://datos.sinim.gov.cl/","2026-09-19","Antártica (12202) no tiene municipalidad propia; su agrupación es administrada por Cabo de Hornos."
"CL-MUN-15101","15101","Municipalidad de Arica","15","Región de Arica y Parinacota","https://datos.sinim.gov.cl/","2026-09-19","Antártica (12202) no tiene municipalidad propia; su agrupación es administrada por Cabo de Hornos."
"CL-MUN-15102","15102","Municipalidad de Camarones","15","Región de Arica y Parinacota","https://datos.sinim.gov.cl/","2026-09-19","Antártica (12202) no tiene municipalidad propia; su agrupación es administrada por Cabo de Hornos."
"CL-MUN-15201","15201","Municipalidad de Putre","15","Región de Arica y Parinacota","https://datos.sinim.gov.cl/","2026-09-19","Antártica (12202) no tiene municipalidad propia; su agrupación es administrada por Cabo de Hornos."
"CL-MUN-15202","15202","Municipalidad de General Lagos","15","Región de Arica y Parinacota","https://datos.sinim.gov.cl/","2026-09-19","Antártica (12202) no tiene municipalidad propia; su agrupación es administrada por Cabo de Hornos."
"CL-MUN-16101","16101","Municipalidad de Chillán","16","Región de Ñuble","https://datos.sinim.gov.cl/","2026-09-19","Antártica (12202) no tiene municipalidad propia; su agrupación es administrada por Cabo de Hornos."
"CL-MUN-16102","16102","Municipalidad de Bulnes","16","Región de Ñuble","https://datos.sinim.gov.cl/","2026-09-19","Antártica (12202) no tiene municipalidad propia; su agrupación es administrada por Cabo de Hornos."
"CL-MUN-16103","16103","Municipalidad de Chillán Viejo","16","Región de Ñuble","https://datos.sinim.gov.cl/","2026-09-19","Antártica (12202) no tiene municipalidad propia; su agrupación es administrada por Cabo de Hornos."
"CL-MUN-16104","16104","Municipalidad de El Carmen","16","Región de Ñuble","https://datos.sinim.gov.cl/","2026-09-19","Antártica (12202) no tiene municipalidad propia; su agrupación es administrada por Cabo de Hornos."
"CL-MUN-16105","16105","Municipalidad de Pemuco","16","Región de Ñuble","https://datos.sinim.gov.cl/","2026-09-19","Antártica (12202) no tiene municipalidad propia; su agrupación es administrada por Cabo de Hornos."
"CL-MUN-16106","16106","Municipalidad de Pinto","16","Región de Ñuble","https://datos.sinim.gov.cl/","2026-09-19","Antártica (12202) no tiene municipalidad propia; su agrupación es administrada por Cabo de Hornos."
"CL-MUN-16107","16107","Municipalidad de Quillón","16","Región de Ñuble","https://datos.sinim.gov.cl/","2026-09-19","Antártica (12202) no tiene municipalidad propia; su agrupación es administrada por Cabo de Hornos."
"CL-MUN-16108","16108","Municipalidad de San Ignacio","16","Región de Ñuble","https://datos.sinim.gov.cl/","2026-09-19","Antártica (12202) no tiene municipalidad propia; su agrupación es administrada por Cabo de Hornos."
"CL-MUN-16109","16109","Municipalidad de Yungay","16","Región de Ñuble","https://datos.sinim.gov.cl/","2026-09-19","Antártica (12202) no tiene municipalidad propia; su agrupación es administrada por Cabo de Hornos."
"CL-MUN-16201","16201","Municipalidad de Quirihue","16","Región de Ñuble","https://datos.sinim.gov.cl/","2026-09-19","Antártica (12202) no tiene municipalidad propia; su agrupación es administrada por Cabo de Hornos."
"CL-MUN-16202","16202","Municipalidad de Cobquecura","16","Región de Ñuble","https://datos.sinim.gov.cl/","2026-09-19","Antártica (12202) no tiene municipalidad propia; su agrupación es administrada por Cabo de Hornos."
"CL-MUN-16203","16203","Municipalidad de Coelemu","16","Región de Ñuble","https://datos.sinim.gov.cl/","2026-09-19","Antártica (12202) no tiene municipalidad propia; su agrupación es administrada por Cabo de Hornos."
"CL-MUN-16204","16204","Municipalidad de Ninhue","16","Región de Ñuble","https://datos.sinim.gov.cl/","2026-09-19","Antártica (12202) no tiene municipalidad propia; su agrupación es administrada por Cabo de Hornos."
"CL-MUN-16205","16205","Municipalidad de Portezuelo","16","Región de Ñuble","https://datos.sinim.gov.cl/","2026-09-19","Antártica (12202) no tiene municipalidad propia; su agrupación es administrada por Cabo de Hornos."
"CL-MUN-16206","16206","Municipalidad de Ranquil","16","Región de Ñuble","https://datos.sinim.gov.cl/","2026-09-19","Antártica (12202) no tiene municipalidad propia; su agrupación es administrada por Cabo de Hornos."
"CL-MUN-16207","16207","Municipalidad de Treguaco","16","Región de Ñuble","https://datos.sinim.gov.cl/","2026-09-19","Antártica (12202) no tiene municipalidad propia; su agrupación es administrada por Cabo de Hornos."
"CL-MUN-16301","16301","Municipalidad de San Carlos","16","Región de Ñuble","https://datos.sinim.gov.cl/","2026-09-19","Antártica (12202) no tiene municipalidad propia; su agrupación es administrada por Cabo de Hornos."
"CL-MUN-16302","16302","Municipalidad de Coihueco","16","Región de Ñuble","https://datos.sinim.gov.cl/","2026-09-19","Antártica (12202) no tiene municipalidad propia; su agrupación es administrada por Cabo de Hornos."
"CL-MUN-16303","16303","Municipalidad de Ñiquén","16","Región de Ñuble","https://datos.sinim.gov.cl/","2026-09-19","Antártica (12202) no tiene municipalidad propia; su agrupación es administrada por Cabo de Hornos."
"CL-MUN-16304","16304","Municipalidad de San Fabián","16","Región de Ñuble","https://datos.sinim.gov.cl/","2026-09-19","Antártica (12202) no tiene municipalidad propia; su agrupación es administrada por Cabo de Hornos."
"CL-MUN-16305","16305","Municipalidad de San Nicolás","16","Región de Ñuble","https://datos.sinim.gov.cl/","2026-09-19","Antártica (12202) no tiene municipalidad propia; su agrupación es administrada por Cabo de Hornos."
