source_id,publisher,title,url,applies_to,last_checked,notes
aws_regions,Amazon Web Services,AWS Global Infrastructure Regions and Availability Zones,https://aws.amazon.com/about-aws/global-infrastructure/regions_az/,cloud_regions.csv,2026-09-27,"Maps aws:regions and aws:global-infrastructure source_ref families"
gcp_regions,Google Cloud,Cloud locations,https://cloud.google.com/about/locations,cloud_regions.csv,2026-09-27,"Maps gcp:regions"
azure_regions,Microsoft Azure,Global infrastructure geographies,https://azure.microsoft.com/en-us/explore/global-infrastructure/geographies/,cloud_regions.csv,2026-09-27,"Maps azure:regions-list"
oracle_regions,Oracle,Public Cloud Regions,https://www.oracle.com/cloud/public-cloud-regions/,cloud_regions.csv,2026-09-27,"Maps oracle:regions"
peeringdb_ix,PeeringDB,PeeringDB API — Internet Exchanges,https://www.peeringdb.com/apidocs/,ixps.csv,2026-09-27,"Individual rows retain PeeringDB ix IDs in source_ref"
telegeography_cables,TeleGeography,Submarine Cable Map,https://www.submarinecablemap.com/,submarine_cables.csv,2026-09-27,"Individual cables retain telegeography:* source_ref"
equinix_latam,Equinix,Americas data center colocation and interconnection,https://www.equinix.com/data-centers/americas-colocation,operator_country_presence.csv,2026-09-27,"Maps equinix:latam"
ascenty_locations,Ascenty,Data Center locations,https://ascenty.com/en/data-centers-en/,operator_country_presence.csv,2026-09-27,"Maps ascenty:locations"
odata_locations,ODATA,Data Centers in Latin America,https://odatadc.com/es/lugares/,operator_country_presence.csv,2026-09-27,"Maps odata:datacenters"
scala_locations,Scala Data Centers,Data Centers,https://scaladatacenters.com/en/data-centers-en/,operator_country_presence.csv,2026-09-27,"Maps scala:datacenters"
cirion_locations,Cirion Technologies,Our Data Centers,https://www.ciriontechnologies.com/es/data-center/nuestros-data-centers/,operator_country_presence.csv,2026-09-27,"Maps cirion:datacenters"
gbm_certifications,GBM,Awards and certifications,https://www.gbm.net/nosotros/premios-y-certificaciones/,operator_country_presence.csv,2026-09-27,"Maps gbm:certifications"
cbre_global_dc_2026,CBRE,Global Data Center Trends 2026,https://www.cbre.com/insights/reports/global-data-center-trends-2026,regional_benchmark_2026.csv,2026-09-27,"Q1 2026 source for comparable LATAM inventory vacancy absorption and asking-rent ranges"
isoc_pulse_ixp,Internet Society Pulse,IXP Tracker,https://pulse.internetsociety.org/en/ixp-tracker/,regional_benchmark_2026.csv,2026-09-27,"Country IXP counts membership domestic-network coverage and local-content/cache indicators; live source can change after benchmark cutoff"
isoc_pulse_iri,Internet Society Pulse,Internet Resilience Index,https://pulse.internetsociety.org/en/resilience/,regional_benchmark_2026.csv,2026-09-27,"Country resilience score; retain benchmark snapshot rather than silently replacing with live values"
globalpetrolprices_electricity,GlobalPetrolPrices,Electricity prices around the world,https://www.globalpetrolprices.com/electricity_prices/,regional_benchmark_2026.csv,2026-09-27,"Business electricity price source; USD/kWh converted to USD/MWh"
ember_yearly,Ember,Yearly Electricity Data,https://ember-energy.org/data/yearly-electricity-data/,regional_benchmark_2026.csv,2026-09-27,"2025 renewable-generation share and carbon-intensity family"
worldbank_db_electricity,World Bank,Doing Business — Getting Electricity,https://archive.doingbusiness.org/en/data/exploretopics/getting-electricity,regional_benchmark_2026.csv,2026-09-27,"Legacy 2019/DB2020 connection-time proxy; historical benchmark only, not current time-to-power"
pwc_cit,PwC Worldwide Tax Summaries,Corporate income tax rates,https://taxsummaries.pwc.com/quick-charts/corporate-income-tax-cit-rates,regional_benchmark_2026.csv,2026-09-27,"General/statutory CIT reference; country-specific regimes and surcharges may differ"
wjp_2025,World Justice Project,WJP Rule of Law Index 2025,https://worldjusticeproject.org/rule-of-law-index/downloads/WJPIndex2025.pdf,regional_benchmark_2026.csv,2026-09-27,"2025 overall country score"
nri_2025,Network Readiness Index,Network Readiness Index 2025,https://networkreadinessindex.org/,regional_benchmark_2026.csv,2026-09-27,"2025 total score and global rank"
itu_gci_2024,International Telecommunication Union,Global Cybersecurity Index 2024,https://www.itu.int/dms_pub/itu-d/opb/hdb/d-hdb-gci.01-2024-pdf-e.pdf,regional_benchmark_2026.csv,2026-09-27,"GCI fifth-edition tier"
derived_rtt_model,Project-derived,Physical RTT proxy,,regional_benchmark_2026.csv,2026-09-27,"Haversine great-circle distance × 1.3 route factor × round trip at 200000 km/s; reproducible in scripts/derive_physical_rtt.py"
