metric_fields,source_ids,reference_period,coverage,evidence_type,transformation,lineage_status,notes
country|iso3|anchor_market|benchmark_role,project_metadata,2026,8 benchmark markets,project metadata,none,documented,"Working benchmark identity and analytical role"
dc_inventory_operational_mw|dc_vacancy_pct|dc_absorption_net_mw|dc_rent_min_usd_kw_month|dc_rent_max_usd_kw_month,cbre_global_dc_2026,Q1 2026,"São Paulo; Querétaro; Santiago; Bogotá",published market research,direct retention of comparable CBRE market fields,documented,"Other markets remain blank because a sufficiently homogeneous public observation was not retained"
cloud_regions_active|cloud_regions_announced,aws_regions|gcp_regions|azure_regions|oracle_regions,verified through 2026-08-13,8 countries,provider primary sources,"Counts derived from data/cloud_regions.csv by status; restricted/edge products are not treated as full regions",documented_via_detail_table,"Detailed rows preserve provider source_ref"
ixps_active|ixp_members|domestic_network_coverage_at_ixp_pct|local_content_cache_pct,isoc_pulse_ixp,snapshot retained at 2026-08-13,8 countries,technical registry/derived tracker,direct country indicators from Internet Society Pulse IXP Tracker,documented_snapshot,"Live tracker changes over time; benchmark values are frozen to the verified cutoff"
internet_resilience_index,isoc_pulse_iri,snapshot retained at 2026-08-13,8 countries,composite index,direct country score retained at cutoff,documented_snapshot,"Do not replace with live Pulse score without creating a new benchmark vintage"
business_electricity_usd_mwh,globalpetrolprices_electricity,December 2025,8 countries,compiled tariff comparison,USD per kWh × 1000,documented,"Business-user reference price; not a hyperscale PPA or wholesale price"
renewable_generation_pct|carbon_intensity_gco2e_kwh,ember_yearly,2025,8 countries where published,energy statistics,direct annual indicators,documented,"Costa Rica carbon-intensity cell remains blank in the public benchmark"
standard_grid_connection_days,worldbank_db_electricity,2019 / Doing Business 2020,8 countries,historical business-regulation indicator,direct legacy indicator,documented_legacy_proxy,"Not a current data-center time-to-power metric; World Bank notes most recent data collection was completed in May 2019"
corporate_income_tax_pct,pwc_cit,reference retained for 2026 benchmark,8 countries,tax reference,direct general/statutory rate,documented_with_qualification,"Country regimes surcharges incentives and Chilean 25/27 regime distinctions require case-specific tax analysis"
wjp_rule_of_law_score,wjp_2025,2025,8 countries,composite institutional index,direct overall score,documented,"Costa Rica corrected from 0.67 to 0.68 on 2026-09-27 after checking WJP 2025"
nri_total_2025|nri_rank_2025,nri_2025,2025,8 countries,composite digital-readiness index,direct total score and rank,documented,"Edition explicitly encoded in field names"
cybersecurity_itu_tier,itu_gci_2024,2024,8 countries,international index,direct fifth-edition tier,documented,"Tier 1–5 model; not an ordinal score invented by this project"
rtt_physical_miami_ms|rtt_physical_sao_paulo_ms,derived_rtt_model,2026 benchmark geography,8 anchor markets,derived analytical proxy,"Haversine distance × 1.3 route factor × 2 / 200000 km/s × 1000 ms/s",reproducible,"City coordinates and exact validation are in scripts/derive_physical_rtt.py; this is a physical proxy, not measured latency"
verified_cutoff,project_metadata,2026-08-13,all rows,version metadata,direct,documented,"Freeze date for this benchmark vintage"
